,star rating,title,content rating,genre,duration,actors list,new column,new_column
476,7.8,Hamlet,PG-13,Drama,242,"[u'Kenneth Branagh', u'Julie Christie', u'Derek Jacobi']",0,0
157,8.2,Gone with the Wind,G,Drama,238,"[u'Clark Gable', u'Vivien Leigh', u'Thomas Mitchell']",0,0
78,8.4,Once Upon a Time in America,R,Crime,229,"[u'Robert De Niro', u'James Woods', u'Elizabeth McGovern']",0,0
142,8.3,Lagaan: Once Upon a Time in India,PG,Adventure,224,"[u'Aamir Khan', u'Gracy Singh', u'Rachel Shelley']",0,0
445,7.9,The Ten Commandments,APPROVED,Adventure,220,"[u'Charlton Heston', u'Yul Brynner', u'Anne Baxter']",0,0
85,8.4,Lawrence of Arabia,PG,Adventure,216,"[u""Peter O'Toole"", u'Alec Guinness', u'Anthony Quinn']",0,0
204,8.1,Ben-Hur,G,Adventure,212,"[u'Charlton Heston', u'Jack Hawkins', u'Stephen Boyd']",0,0
17,8.7,Seven Samurai,UNRATED,Drama,207,"[u'Toshir\xf4 Mifune', u'Takashi Shimura', u'Keiko Tsushima']",0,0
767,7.6,"It's a Mad, Mad, Mad, Mad World",APPROVED,Action,205,"[u'Spencer Tracy', u'Milton Berle', u'Ethel Merman']",0,0
630,7.7,Malcolm X,PG-13,Biography,202,"[u'Denzel Washington', u'Angela Bassett', u'Delroy Lindo']",0,0
7,8.9,The Lord of the Rings: The Return of the King,PG-13,Adventure,201,"[u'Elijah Wood', u'Viggo Mortensen', u'Ian McKellen']",0,0
2,9.1,The Godfather: Part II,R,Crime,200,"[u'Al Pacino', u'Robert De Niro', u'Robert Duvall']",0,0
335,8.0,Doctor Zhivago,PG-13,Drama,197,"[u'Omar Sharif', u'Julie Christie', u'Geraldine Chaplin']",0,0
385,8.0,Spartacus,PG-13,Action,197,"[u'Kirk Douglas', u'Laurence Olivier', u'Jean Simmons']",0,0
8,8.9,Schindler's List,R,Biography,195,"[u'Liam Neeson', u'Ralph Fiennes', u'Ben Kingsley']",0,0
620,7.7,Titanic,PG-13,Drama,194,"[u'Leonardo DiCaprio', u'Kate Winslet', u'Billy Zane']",0,0
424,7.9,The Right Stuff,R,Adventure,193,"[u'Sam Shepard', u'Scott Glenn', u'Ed Harris']",0,0
220,8.1,Gandhi,PG,Biography,191,"[u'Ben Kingsley', u'John Gielgud', u'Candice Bergen']",0,0
671,7.7,Grindhouse,R,Action,191,"[u'Kurt Russell', u'Rose McGowan', u'Danny Trejo']",0,0
40,8.5,The Green Mile,R,Crime,189,"[u'Tom Hanks', u'Michael Clarke Duncan', u'David Morse']",0,0
89,8.4,Swades,NOT RATED,Drama,189,"[u'Shah Rukh Khan', u'Gayatri Joshi', u'Kishori Balal']",0,0
316,8.0,JFK,R,Drama,189,"[u'Kevin Costner', u'Gary Oldman', u'Jack Lemmon']",0,0
318,8.0,Magnolia,R,Drama,188,"[u'Tom Cruise', u'Jason Robards', u'Julianne Moore']",0,0
184,8.2,Fanny and Alexander,R,Drama,188,"[u'Bertil Guve', u'Pernilla Allwin', u'Kristina Adolphson']",0,0
611,7.7,Short Cuts,R,Comedy,187,"[u'Andie MacDowell', u'Julianne Moore', u'Tim Robbins']",0,0
132,8.3,Judgment at Nuremberg,NOT RATED,Drama,186,"[u'Spencer Tracy', u'Burt Lancaster', u'Richard Widmark']",0,0
245,8.1,Barry Lyndon,PG,Adventure,184,"[u""Ryan O'Neal"", u'Marisa Berenson', u'Patrick Magee']",0,0
109,8.3,Dil Chahta Hai,NOT RATED,Comedy,183,"[u'Aamir Khan', u'Saif Ali Khan', u'Akshaye Khanna']",0,0
166,8.2,The Deer Hunter,R,Drama,182,"[u'Robert De Niro', u'Christopher Walken', u'John Cazale']",0,0
339,8.0,Dances with Wolves,PG-13,Adventure,181,"[u'Kevin Costner', u'Mary McDonnell', u'Graham Greene']",0,0
93,8.4,Dilwale Dulhania Le Jayenge,NOT RATED,Comedy,181,"[u'Shah Rukh Khan', u'Kajol', u'Amrish Puri']",0,0
361,8.0,Fiddler on the Roof,G,Drama,181,"[u'Topol', u'Norma Crane', u'Leonard Frey']",0,0
143,8.2,The Wolf of Wall Street,R,Biography,180,"[u'Leonardo DiCaprio', u'Jonah Hill', u'Margot Robbie']",0,0
14,8.8,The Lord of the Rings: The Two Towers,PG-13,Adventure,179,"[u'Elijah Wood', u'Ian McKellen', u'Viggo Mortensen']",0,0
456,7.9,Blue Is the Warmest Color,NC-17,Drama,179,"[u'L\xe9a Seydoux', u'Ad\xe8le Exarchopoulos', u'Salim Kechiouche']",0,0
10,8.8,The Lord of the Rings: The Fellowship of the Ring,PG-13,Adventure,178,"[u'Elijah Wood', u'Ian McKellen', u'Orlando Bloom']",0,0
534,7.8,The Longest Day,G,Action,178,"[u'John Wayne', u'Robert Ryan', u'Richard Burton']",0,0
156,8.2,Casino,R,Biography,178,"[u'Robert De Niro', u'Sharon Stone', u'Joe Pesci']",0,0
300,8.0,Dogville,R,Crime,178,"[u'Nicole Kidman', u'Paul Bettany', u'Lauren Bacall']",0,0
82,8.4,Braveheart,R,Action,177,"[u'Mel Gibson', u'Sophie Marceau', u'Patrick McGoohan']",0,0
1,9.2,The Godfather,R,Crime,175,"[u'Marlon Brando', u'Al Pacino', u'James Caan']",0,0
941,7.4,A Bridge Too Far,PG,Drama,175,"[u'Sean Connery', u""Ryan O'Neal"", u'Michael Caine']",0,0
26,8.6,Once Upon a Time in the West,PG-13,Western,175,"[u'Henry Fonda', u'Charles Bronson', u'Claudia Cardinale']",0,0
348,8.0,The Sound of Music,G,Biography,174,"[u'Julie Andrews', u'Christopher Plummer', u'Eleanor Parker']",0,0
231,8.1,La Dolce Vita,NOT RATED,Comedy,174,"[u'Marcello Mastroianni', u'Anita Ekberg', u'Anouk Aim\xe9e']",0,0
159,8.2,The Best Years of Our Lives,PASSED,Drama,172,"[u'Fredric March', u'Dana Andrews', u'Myrna Loy']",0,0
302,8.0,Patton,GP,Biography,172,"[u'George C. Scott', u'Karl Malden', u'Stephen Young']",0,0
120,8.3,The Great Escape,UNRATED,Adventure,172,"[u'Steve McQueen', u'James Garner', u'Richard Attenborough']",0,0
842,7.5,Cloud Atlas,R,Drama,172,"[u'Tom Hanks', u'Halle Berry', u'Hugh Grant']",0,0
888,7.5,The Aviator,PG-13,Biography,170,"[u'Leonardo DiCaprio', u'Cate Blanchett', u'Kate Beckinsale']",0,0
135,8.3,Heat,R,Action,170,"[u'Al Pacino', u'Robert De Niro', u'Val Kilmer']",0,0
444,7.9,My Fair Lady,APPROVED,Drama,170,"[u'Audrey Hepburn', u'Rex Harrison', u'Stanley Holloway']",0,0
115,8.3,Scarface,R,Crime,170,"[u'Al Pacino', u'Michelle Pfeiffer', u'Steven Bauer']",0,0
731,7.6,The Thin Red Line,R,Drama,170,"[u'Jim Caviezel', u'Sean Penn', u'Nick Nolte']",0,0
60,8.5,3 Idiots,PG-13,Comedy,170,"[u'Aamir Khan', u'Madhavan', u'Mona Singh']",0,0
15,8.7,Interstellar,PG-13,Adventure,169,"[u'Matthew McConaughey', u'Anne Hathaway', u'Jessica Chastain']",0,0
362,8.0,The Hobbit: An Unexpected Journey,PG-13,Adventure,169,"[u'Martin Freeman', u'Ian McKellen', u'Richard Armitage']",0,0
36,8.6,Saving Private Ryan,R,Action,169,"[u'Tom Hanks', u'Matt Damon', u'Tom Sizemore']",0,0
684,7.7,The Big Blue,PG-13,Action,168,"[u'Jean-Marc Barr', u'Jean Reno', u'Rosanna Arquette']",0,0
828,7.5,Gangs of New York,R,Crime,167,"[u'Leonardo DiCaprio', u'Cameron Diaz', u'Daniel Day-Lewis']",0,0
183,8.2,Underground,NOT RATED,Comedy,167,"[u'Predrag Manojlovic', u'Lazar Ristovski', u'Mirjana Jokovic']",0,0
221,8.1,Solaris,PG,Drama,167,"[u'Natalya Bondarchuk', u'Donatas Banionis', u'J\xfcri J\xe4rvet']",0,0
508,7.8,The Curious Case of Benjamin Button,PG-13,Drama,166,"[u'Brad Pitt', u'Cate Blanchett', u'Tilda Swinton']",0,0
373,8.0,My Name Is Khan,PG-13,Drama,165,"[u'Shah Rukh Khan', u'Kajol', u'Sheetal Menon']",0,0
226,8.1,Boyhood,R,Drama,165,"[u'Ellar Coltrane', u'Patricia Arquette', u'Ethan Hawke']",0,0
202,8.1,La leggenda del pianista sull'oceano,R,Drama,165,"[u'Tim Roth', u'Pruitt Taylor Vince', u'Bill Nunn']",0,0
43,8.5,The Dark Knight Rises,PG-13,Action,165,"[u'Christian Bale', u'Tom Hardy', u'Anne Hathaway']",0,0
59,8.5,Django Unchained,R,Western,165,"[u'Jamie Foxx', u'Christoph Waltz', u'Leonardo DiCaprio']",0,0
47,8.5,Taare Zameen Par,PG,Drama,165,"[u'Darsheel Safary', u'Aamir Khan', u'Tanay Chheda']",0,0
734,7.6,The Last Temptation of Christ,R,Drama,164,"[u'Willem Dafoe', u'Harvey Keitel', u'Barbara Hershey']",0,0
720,7.6,Munich,R,Drama,164,"[u'Eric Bana', u'Daniel Craig', u'Marie-Jos\xe9e Croze']",0,0
181,8.2,Stalker,NOT RATED,Drama,163,"[u'Alisa Freyndlikh', u'Aleksandr Kaydanovskiy', u'Anatoliy Solonitsyn']",0,0
536,7.8,The Last Emperor,PG-13,Biography,163,"[u'John Lone', u'Joan Chen', u""Peter O'Toole""]",0,0
433,7.9,Avatar,PG-13,Action,162,"[u'Sam Worthington', u'Zoe Saldana', u'Sigourney Weaver']",0,0
968,7.4,The English Patient,R,Drama,162,"[u'Ralph Fiennes', u'Juliette Binoche', u'Willem Dafoe']",0,0
129,8.3,Ran,R,Action,162,"[u'Tatsuya Nakadai', u'Akira Terao', u'Jinpachi Nezu']",0,0
707,7.6,Watchmen,R,Action,162,"[u'Jackie Earle Haley', u'Patrick Wilson', u'Carla Gugino']",0,0
711,7.6,The Godfather: Part III,R,Crime,162,"[u'Al Pacino', u'Diane Keaton', u'Andy Garcia']",0,0
137,8.3,The Bridge on the River Kwai,PG,Adventure,161,"[u'William Holden', u'Alec Guinness', u'Jack Hawkins']",0,0
359,8.0,The Hobbit: The Desolation of Smaug,PG-13,Adventure,161,"[u'Ian McKellen', u'Martin Freeman', u'Richard Armitage']",0,0
6,8.9,"The Good, the Bad and the Ugly",NOT RATED,Western,161,"[u'Clint Eastwood', u'Eli Wallach', u'Lee Van Cleef']",0,0
110,8.3,2001: A Space Odyssey,G,Mystery,160,"[u'Keir Dullea', u'Gary Lockwood', u'William Sylvester']",0,0
807,7.6,The Assassination of Jesse James by the Coward Robert Ford,R,Biography,160,"[u'Brad Pitt', u'Casey Affleck', u'Sam Shepard']",0,0
99,8.4,Amadeus,R,Biography,160,"[u'F. Murray Abraham', u'Tom Hulce', u'Elizabeth Berridge']",0,0
257,8.1,Anatomy of a Murder,UNRATED,Crime,160,"[u'James Stewart', u'Lee Remick', u'Ben Gazzara']",0,0
430,7.9,Breaking the Waves,R,Drama,159,"[u'Emily Watson', u'Stellan Skarsg\xe5rd', u'Katrin Cartlidge']",0,0
678,7.7,Les Miserables,PG-13,Drama,158,"[u'Hugh Jackman', u'Russell Crowe', u'Anne Hathaway']",0,0
466,7.9,The Girl with the Dragon Tattoo,R,Crime,158,"[u'Daniel Craig', u'Rooney Mara', u'Christopher Plummer']",0,0
213,8.1,There Will Be Blood,R,Drama,158,"[u'Daniel Day-Lewis', u'Paul Dano', u'Ciar\xe1n Hinds']",0,0
423,7.9,The Insider,R,Biography,157,"[u'Russell Crowe', u'Al Pacino', u'Christopher Plummer']",0,0
727,7.6,Harry Potter and the Goblet of Fire,PG-13,Adventure,157,"[u'Daniel Radcliffe', u'Emma Watson', u'Rupert Grint']",0,0
500,7.8,American Gangster,R,Biography,157,"[u'Denzel Washington', u'Russell Crowe', u'Chiwetel Ejiofor']",0,0
755,7.6,"Lust, Caution",NC-17,Drama,157,"[u'Tony Chiu Wai Leung', u'Wei Tang', u'Joan Chen']",0,0
677,7.7,Zodiac,R,Crime,157,"[u'Jake Gyllenhaal', u'Robert Downey Jr.', u'Mark Ruffalo']",0,0
72,8.4,Rang De Basanti,NOT RATED,Drama,157,"[u'Aamir Khan', u'Soha Ali Khan', u'Siddharth']",0,0
955,7.4,Zero Dark Thirty,R,Drama,157,"[u'Jessica Chastain', u'Joel Edgerton', u'Chris Pratt']",0,0
125,8.3,Downfall,R,Biography,156,"[u'Bruno Ganz', u'Alexandra Maria Lara', u'Ulrich Matthes']",0,0
374,8.0,Scent of a Woman,R,Drama,156,"[u'Al Pacino', u""Chris O'Donnell"", u'James Rebhorn']",0,0
66,8.4,Munna Bhai M.B.B.S.,NOT RATED,Comedy,156,"[u'Sunil Dutt', u'Sanjay Dutt', u'Arshad Warsi']",0,0
44,8.5,Gladiator,R,Action,155,"[u'Russell Crowe', u'Joaquin Phoenix', u'Connie Nielsen']",0,0
426,7.9,A Prophet,R,Crime,155,"[u'Tahar Rahim', u'Niels Arestrup', u'Adel Bencherif']",0,0
457,7.9,Boogie Nights,R,Drama,155,"[u'Mark Wahlberg', u'Julianne Moore', u'Burt Reynolds']",0,0
50,8.5,Cinema Paradiso,R,Drama,155,"[u'Philippe Noiret', u'Enzo Cannavale', u'Antonella Attili']",0,0
540,7.8,The Color Purple,PG-13,Drama,154,"[u'Danny Glover', u'Whoopi Goldberg', u'Oprah Winfrey']",0,0
4,8.9,Pulp Fiction,R,Crime,154,"[u'John Travolta', u'Uma Thurman', u'Samuel L. Jackson']",0,0
613,7.7,The Last Samurai,R,Action,154,"[u'Tom Cruise', u'Ken Watanabe', u'Billy Connolly']",0,0
205,8.1,Amores Perros,R,Drama,154,"[u'Emilio Echevarr\xeda', u'Gael Garc\xeda Bernal', u'Goya Toledo']",0,0
836,7.5,Jackie Brown,R,Crime,154,"[u'Pam Grier', u'Samuel L. Jackson', u'Robert Forster']",0,0
51,8.5,Apocalypse Now,R,Drama,153,"[u'Martin Sheen', u'Marlon Brando', u'Robert Duvall']",0,0
114,8.3,Inglourious Basterds,R,Adventure,153,"[u'Brad Pitt', u'Diane Kruger', u'Eli Roth']",0,0
290,8.1,Prisoners,R,Crime,153,"[u'Hugh Jackman', u'Jake Gyllenhaal', u'Viola Davis']",0,0
891,7.5,Harry Potter and the Half-Blood Prince,PG,Adventure,153,"[u'Daniel Radcliffe', u'Emma Watson', u'Rupert Grint']",0,0
504,7.8,Empire of the Sun,PG,Drama,153,"[u'Christian Bale', u'John Malkovich', u'Miranda Richardson']",0,0
108,8.3,Metropolis,NOT RATED,Drama,153,"[u'Brigitte Helm', u'Alfred Abel', u'Gustav Fr\xf6hlich']",0,0
569,7.8,Ray,PG-13,Biography,152,"[u'Jamie Foxx', u'Regina King', u'Kerry Washington']",0,0
3,9.0,The Dark Knight,PG-13,Action,152,"[u'Christian Bale', u'Heath Ledger', u'Aaron Eckhart']",0,0
665,7.7,Lolita,NOT RATED,Drama,152,"[u'James Mason', u'Shelley Winters', u'Sue Lyon']",0,0
909,7.5,Harry Potter and the Sorcerer's Stone,PG,Adventure,152,"[u'Daniel Radcliffe', u'Rupert Grint', u'Richard Harris']",0,0
482,7.8,The Girl with the Dragon Tattoo,R,Crime,152,"[u'Michael Nyqvist', u'Noomi Rapace', u'Ewa Fr\xf6ling']",0,0
730,7.6,West Side Story,UNRATED,Crime,152,"[u'Natalie Wood', u'George Chakiris', u'Richard Beymer']",0,0
49,8.5,The Departed,R,Crime,151,"[u'Leonardo DiCaprio', u'Matt Damon', u'Jack Nicholson']",0,0
273,8.1,Papillon,R,Biography,151,"[u'Steve McQueen', u'Dustin Hoffman', u'Victor Jory']",0,0
133,8.3,Barfi!,NOT RATED,Adventure,151,"[u'Ranbir Kapoor', u'Priyanka Chopra', u'Ileana']",0,0
964,7.4,Lincoln,PG-13,Biography,150,"[u'Daniel Day-Lewis', u'Sally Field', u'David Strathairn']",0,0
659,7.7,Sophie's Choice,R,Drama,150,"[u'Meryl Streep', u'Kevin Kline', u'Peter MacNicol']",0,0
268,8.1,The Raid 2,R,Action,150,"[u'Iko Uwais', u'Yayan Ruhian', u'Arifin Putra']",0,0
42,8.5,The Pianist,R,Biography,150,"[u'Adrien Brody', u'Thomas Kretschmann', u'Frank Finlay']",0,0
531,7.8,The Dirty Dozen,NOT RATED,Action,150,"[u'Lee Marvin', u'Ernest Borgnine', u'Charles Bronson']",0,0
68,8.4,Das Boot,R,Adventure,149,"[u'J\xfcrgen Prochnow', u'Herbert Gr\xf6nemeyer', u'Klaus Wennemann']",1,1
158,8.2,Gone Girl,R,Drama,149,"[u'Ben Affleck', u'Rosamund Pike', u'Neil Patrick Harris']",1,1
895,7.5,Biutiful,R,Drama,148,"[u'Javier Bardem', u'Maricel \xc1lvarez', u'Hanaa Bouchaib']",1,1
11,8.8,Inception,PG-13,Action,148,"[u'Leonardo DiCaprio', u'Joseph Gordon-Levitt', u'Ellen Page']",1,1
164,8.2,Into the Wild,R,Adventure,148,"[u'Emile Hirsch', u'Vince Vaughn', u'Catherine Keener']",1,1
694,7.7,Traffic,R,Crime,147,"[u'Michael Douglas', u'Benicio Del Toro', u'Catherine Zeta-Jones']",1,1
223,8.1,"Paris, Texas",R,Drama,147,"[u'Harry Dean Stanton', u'Nastassja Kinski', u'Dean Stockwell']",1,1
841,7.5,Perfume: The Story of a Murderer,R,Crime,147,"[u'Ben Whishaw', u'Dustin Hoffman', u'Alan Rickman']",1,1
375,8.0,Mulholland Dr.,R,Drama,147,"[u'Naomi Watts', u'Laura Harring', u'Justin Theroux']",1,1
826,7.5,Sleepers,R,Crime,147,"[u'Robert De Niro', u'Kevin Bacon', u'Brad Pitt']",1,1
642,7.7,Harry Potter and the Deathly Hallows: Part 1,PG-13,Adventure,146,"[u'Daniel Radcliffe', u'Emma Watson', u'Rupert Grint']",1,1
818,7.6,The Hurricane,R,Biography,146,"[u'Denzel Washington', u'Vicellous Reon Shannon', u'Deborah Kara Unger']",1,1
581,7.8,Man on Fire,R,Action,146,"[u'Denzel Washington', u'Christopher Walken', u'Dakota Fanning']",1,1
658,7.7,The Hunger Games: Catching Fire,PG-13,Adventure,146,"[u'Jennifer Lawrence', u'Josh Hutcherson', u'Liam Hemsworth']",1,1
259,8.1,The Help,PG-13,Drama,146,"[u'Emma Stone', u'Viola Davis', u'Octavia Spencer']",1,1
62,8.5,The Shining,R,Horror,146,"[u'Jack Nicholson', u'Shelley Duvall', u'Danny Lloyd']",1,1
702,7.6,Jin ling shi san chai,R,Drama,146,"[u'Christian Bale', u'Ni Ni', u'Xinyi Zhang']",1,1
18,8.7,Goodfellas,R,Biography,146,"[u'Robert De Niro', u'Ray Liotta', u'Joe Pesci']",1,1
485,7.8,Black Book,R,Drama,145,"[u'Carice van Houten', u'Sebastian Koch', u'Thom Hoffman']",1,1
296,8.1,The Wild Bunch,R,Action,145,"[u'William Holden', u'Ernest Borgnine', u'Robert Ryan']",1,1
686,7.7,Minority Report,PG-13,Action,145,"[u'Tom Cruise', u'Colin Farrell', u'Samantha Morton']",1,1
538,7.8,The White Ribbon,R,Drama,144,"[u'Christian Friedel', u'Ernst Jacobi', u'Leonie Benesch']",1,1
889,7.5,Devil's Advocate,R,Drama,144,"[u'Keanu Reeves', u'Al Pacino', u'Charlize Theron']",1,1
691,7.7,Kelly's Heroes,GP,Action,144,"[u'Clint Eastwood', u'Telly Savalas', u'Don Rickles']",1,1
380,8.0,Casino Royale,PG-13,Action,144,"[u'Daniel Craig', u'Eva Green', u'Judi Dench']",1,1
436,7.9,Carlito's Way,R,Crime,144,"[u'Al Pacino', u'Sean Penn', u'Penelope Ann Miller']",1,1
606,7.7,Black Hawk Down,R,Drama,144,"[u'Josh Hartnett', u'Ewan McGregor', u'Tom Sizemore']",1,1
814,7.6,The Hobbit: The Battle of the Five Armies,PG-13,Adventure,144,"[u'Ian McKellen', u'Martin Freeman', u'Richard Armitage']",1,1
341,8.0,Cinderella Man,PG-13,Biography,144,"[u'Russell Crowe', u'Ren\xe9e Zellweger', u'Craig Bierko']",1,1
629,7.7,Cast Away,PG-13,Adventure,143,"[u'Tom Hanks', u'Helen Hunt', u'Paul Sanchez']",1,1
177,8.2,The Avengers,PG-13,Action,143,"[u'Robert Downey Jr.', u'Chris Evans', u'Scarlett Johansson']",1,1
568,7.8,Skyfall,PG-13,Action,143,"[u'Daniel Craig', u'Javier Bardem', u'Naomie Harris']",1,1
271,8.1,Pirates of the Caribbean: The Curse of the Black Pearl,PG-13,Adventure,143,"[u'Johnny Depp', u'Geoffrey Rush', u'Orlando Bloom']",1,1
104,8.3,Ikiru,NOT RATED,Drama,143,"[u'Takashi Shimura', u'Nobuo Kaneko', u""Shin'ichi Himori""]",1,1
901,7.5,Babel,R,Drama,143,"[u'Brad Pitt', u'Cate Blanchett', u'Gael Garc\xeda Bernal']",1,1
495,7.8,The Day of the Jackal,PG,Crime,143,"[u'Edward Fox', u'Terence Alexander', u'Michel Auclair']",1,1
309,8.0,Blood Diamond,R,Adventure,143,"[u'Leonardo DiCaprio', u'Djimon Hounsou', u'Jennifer Connelly']",1,1
804,7.6,Chaplin,PG-13,Biography,143,"[u'Robert Downey Jr.', u'Geraldine Chaplin', u'Paul Rhys']",1,1
0,9.3,The Shawshank Redemption,R,Crime,142,"[u'Tim Robbins', u'Morgan Freeman', u'Bob Gunton']",1,1
647,7.7,La grande bellezza,NOT RATED,Drama,142,"[u'Toni Servillo', u'Carlo Verdone', u'Sabrina Ferilli']",1,1
13,8.8,Forrest Gump,PG-13,Drama,142,"[u'Tom Hanks', u'Robin Wright', u'Gary Sinise']",1,1
551,7.8,Harry Potter and the Prisoner of Azkaban,PG,Adventure,142,"[u'Daniel Radcliffe', u'Emma Watson', u'Rupert Grint']",1,1
415,7.9,The Killing Fields,R,Drama,141,"[u'Sam Waterston', u'Haing S. Ngor', u'John Malkovich']",1,1
478,7.8,I Saw the Devil,NOT RATED,Crime,141,"[u'Byung-hun Lee', u'Min-sik Choi', u'In-seo Kim']",1,1
559,7.8,Changeling,R,Drama,141,"[u'Angelina Jolie', u'Colm Feore', u'Amy Ryan']",1,1
914,7.5,The Judge,R,Drama,141,"[u'Robert Downey Jr.', u'Robert Duvall', u'Vera Farmiga']",1,1
431,7.9,Mr. Nobody,R,Drama,141,"[u'Jared Leto', u'Sarah Polley', u'Diane Kruger']",1,1
340,8.0,Catch Me If You Can,PG-13,Biography,141,"[u'Leonardo DiCaprio', u'Tom Hanks', u'Christopher Walken']",1,1
745,7.6,Jusan-nin no shikaku,R,Action,141,"[u'K\xf4ji Yakusho', u'Takayuki Yamada', u'Y\xfbsuke Iseya']",1,1
390,8.0,Letters from Iwo Jima,R,Drama,141,"[u'Ken Watanabe', u'Kazunari Ninomiya', u'Tsuyoshi Ihara']",1,1
263,8.1,Rio Bravo,NOT RATED,Western,141,"[u'John Wayne', u'Dean Martin', u'Ricky Nelson']",1,1
935,7.4,Excalibur,R,Adventure,140,"[u'Nigel Terry', u'Helen Mirren', u'Nicholas Clay']",1,1
754,7.6,Apollo 13,PG,Adventure,140,"[u'Tom Hanks', u'Bill Paxton', u'Kevin Bacon']",1,1
173,8.2,Tae Guk Gi: The Brotherhood of War,R,Action,140,"[u'Dong-gun Jang', u'Bin Won', u'Eun-ju Lee']",1,1
146,8.2,Warrior,PG-13,Drama,140,"[u'Tom Hardy', u'Nick Nolte', u'Joel Edgerton']",1,1
661,7.7,Star Wars: Episode III - Revenge of the Sith,PG-13,Action,140,"[u'Hayden Christensen', u'Natalie Portman', u'Ewan McGregor']",1,1
324,8.0,Dancer in the Dark,R,Crime,140,"[u'Bj\xf6rk', u'Catherine Deneuve', u'David Morse']",1,1
660,7.7,La Vie en Rose,PG-13,Biography,140,"[u'Marion Cotillard', u'Sylvie Testud', u'Pascal Greggory']",1,1
113,8.3,Batman Begins,PG-13,Action,140,"[u'Christian Bale', u'Michael Caine', u'Ken Watanabe']",1,1
758,7.6,The Abyss,PG-13,Adventure,139,"[u'Ed Harris', u'Mary Elizabeth Mastrantonio', u'Michael Biehn']",1,1
884,7.5,Open Range,R,Action,139,"[u'Kevin Costner', u'Robert Duvall', u'Diego Luna']",1,1
557,7.8,Mary Poppins,APPROVED,Comedy,139,"[u'Julie Andrews', u'Dick Van Dyke', u'David Tomlinson']",1,1
578,7.8,As Good as It Gets,PG-13,Comedy,139,"[u'Jack Nicholson', u'Helen Hunt', u'Greg Kinnear']",1,1
150,8.2,Incendies,R,Drama,139,"[u'Lubna Azabal', u'M\xe9lissa D\xe9sormeaux-Poulin', u'Maxim Gaudette']",1,1
529,7.8,Apocalypto,R,Action,139,"[u'Gerardo Taracena', u'Raoul Trujillo', u'Dalia Hern\xe1ndez']",1,1
9,8.9,Fight Club,R,Drama,139,"[u'Brad Pitt', u'Edward Norton', u'Helena Bonham Carter']",1,1
976,7.4,Master and Commander: The Far Side of the World,PG-13,Action,138,"[u'Russell Crowe', u'Paul Bettany', u'Billy Boyd']",1,1
865,7.5,A Perfect World,PG-13,Crime,138,"[u'Kevin Costner', u'Clint Eastwood', u'Laura Dern']",1,1
813,7.6,The Natural,PG,Drama,138,"[u'Robert Redford', u'Robert Duvall', u'Glenn Close']",1,1
95,8.4,All About Eve,APPROVED,Drama,138,"[u'Bette Davis', u'Anne Baxter', u'George Sanders']",1,1
203,8.1,8 1/2,NOT RATED,Drama,138,"[u'Marcello Mastroianni', u'Anouk Aim\xe9e', u'Claudia Cardinale']",1,1
365,8.0,Mystic River,R,Crime,138,"[u'Sean Penn', u'Tim Robbins', u'Kevin Bacon']",1,1
337,8.0,All the President's Men,R,Drama,138,"[u'Dustin Hoffman', u'Robert Redford', u'Jack Warden']",1,1
716,7.6,A Few Good Men,R,Drama,138,"[u'Tom Cruise', u'Jack Nicholson', u'Demi Moore']",1,1
112,8.3,L.A. Confidential,R,Crime,138,"[u'Kevin Spacey', u'Russell Crowe', u'Guy Pearce']",1,1
526,7.8,Zulu,UNRATED,Drama,138,"[u'Stanley Baker', u'Jack Hawkins', u'Ulla Jacobsson']",1,1
244,8.1,Shutter Island,R,Mystery,138,"[u'Leonardo DiCaprio', u'Emily Mortimer', u'Mark Ruffalo']",1,1
932,7.4,Harry Potter and the Order of the Phoenix,PG-13,Adventure,138,"[u'Daniel Radcliffe', u'Emma Watson', u'Rupert Grint']",1,1
249,8.1,Sleuth,PG,Mystery,138,"[u'Laurence Olivier', u'Michael Caine', u'Alec Cawthorne']",1,1
75,8.4,Aliens,R,Action,137,"[u'Sigourney Weaver', u'Michael Biehn', u'Carrie Henn']",1,1
634,7.7,Close Encounters of the Third Kind,PG,Drama,137,"[u'Richard Dreyfuss', u'Fran\xe7ois Truffaut', u'Teri Garr']",1,1
56,8.5,The Lives of Others,R,Drama,137,"[u'Ulrich M\xfche', u'Martina Gedeck', u'Sebastian Koch']",1,1
808,7.6,The Fisher King,R,Comedy,137,"[u'Jeff Bridges', u'Robin Williams', u'Adam Bryant']",1,1
354,8.0,Kill Bill: Vol. 2,R,Action,137,"[u'Uma Thurman', u'David Carradine', u'Michael Madsen']",1,1
45,8.5,Terminator 2: Judgment Day,R,Action,137,"[u'Arnold Schwarzenegger', u'Linda Hamilton', u'Edward Furlong']",1,1
770,7.6,A Royal Affair,R,Drama,137,"[u'Alicia Vikander', u'Mads Mikkelsen', u'Mikkel Boe F\xf8lsgaard']",1,1
301,8.0,Furious 7,PG-13,Action,137,"[u'Vin Diesel', u'Paul Walker', u'Dwayne Johnson']",1,1
442,7.9,Walk the Line,PG-13,Biography,136,"[u'Joaquin Phoenix', u'Reese Witherspoon', u'Ginnifer Goodwin']",1,1
289,8.1,All Quiet on the Western Front,UNRATED,Drama,136,"[u'Lew Ayres', u'Louis Wolheim', u'John Wray']",1,1
364,8.0,Rosemary's Baby,R,Drama,136,"[u'Mia Farrow', u'John Cassavetes', u'Ruth Gordon']",1,1
517,7.8,Captain America: The Winter Soldier,PG-13,Action,136,"[u'Chris Evans', u'Samuel L. Jackson', u'Scarlett Johansson']",1,1
355,8.0,Secrets & Lies,R,Drama,136,"[u'Timothy Spall', u'Brenda Blethyn', u'Phyllis Logan']",1,1
20,8.7,The Matrix,R,Action,136,"[u'Keanu Reeves', u'Laurence Fishburne', u'Carrie-Anne Moss']",1,1
762,7.6,Little Children,R,Drama,136,"[u'Kate Winslet', u'Jennifer Connelly', u'Patrick Wilson']",1,1
967,7.4,The Rock,R,Action,136,"[u'Sean Connery', u'Nicolas Cage', u'Ed Harris']",1,1
86,8.4,A Clockwork Orange,X,Crime,136,"[u'Malcolm McDowell', u'Patrick Magee', u'Michael Bates']",1,1
71,8.4,North by Northwest,APPROVED,Adventure,136,"[u'Cary Grant', u'Eva Marie Saint', u'James Mason']",1,1
421,7.9,The Outlaw Josey Wales,PG,Western,135,"[u'Clint Eastwood', u'Sondra Locke', u'Chief Dan George']",1,1
170,8.2,A Beautiful Mind,PG-13,Biography,135,"[u'Russell Crowe', u'Ed Harris', u'Jennifer Connelly']",1,1
851,7.5,The Bridges of Madison County,PG-13,Drama,135,"[u'Clint Eastwood', u'Meryl Streep', u'Annie Corley']",1,1
624,7.7,25th Hour,R,Crime,135,"[u'Edward Norton', u'Barry Pepper', u'Philip Seymour Hoffman']",1,1
288,8.1,Sling Blade,R,Drama,135,"[u'Billy Bob Thornton', u'Dwight Yoakam', u'J.T. Walsh']",1,1
640,7.7,Love Actually,R,Comedy,135,"[u'Hugh Grant', u'Martine McCutcheon', u'Liam Neeson']",1,1
854,7.5,Miracle,PG,Drama,135,"[u'Kurt Russell', u'Patricia Clarkson', u'Nathan West']",1,1
748,7.6,The Hunt for Red October,PG,Action,135,"[u'Sean Connery', u'Alec Baldwin', u'Scott Glenn']",1,1
924,7.5,Les Miserables,PG-13,Crime,134,"[u'Liam Neeson', u'Geoffrey Rush', u'Uma Thurman']",1,1
404,7.9,The Remains of the Day,PG,Drama,134,"[u'Anthony Hopkins', u'Emma Thompson', u'John Haycraft']",1,1
683,7.7,Fury,R,Action,134,"[u'Brad Pitt', u'Shia LaBeouf', u'Logan Lerman']",1,1
871,7.5,X2,PG-13,Action,134,"[u'Patrick Stewart', u'Hugh Jackman', u'Halle Berry']",1,1
676,7.7,Lost Highway,R,Drama,134,"[u'Bill Pullman', u'Patricia Arquette', u'John Roselius']",1,1
69,8.4,Princess Mononoke,PG-13,Animation,134,"[u'Y\xf4ji Matsuda', u'Yuriko Ishida', u'Y\xfbko Tanaka']",1,1
207,8.1,What Ever Happened to Baby Jane?,APPROVED,Drama,134,"[u'Bette Davis', u'Joan Crawford', u'Victor Buono']",1,1
262,8.1,The Hustler,UNRATED,Drama,134,"[u'Paul Newman', u'Jackie Gleason', u'Piper Laurie']",1,1
628,7.7,Brokeback Mountain,R,Drama,134,"[u'Jake Gyllenhaal', u'Heath Ledger', u'Michelle Williams']",1,1
80,8.4,Star Wars: Episode VI - Return of the Jedi,PG,Action,134,"[u'Mark Hamill', u'Harrison Ford', u'Carrie Fisher']",1,1
201,8.1,12 Years a Slave,R,Biography,134,"[u'Chiwetel Ejiofor', u'Michael Kenneth Williams', u'Michael Fassbender']",1,1
447,7.9,Captain Phillips,PG-13,Biography,134,"[u'Tom Hanks', u'Barkhad Abdi', u'Barkhad Abdirahman']",1,1
776,7.6,Moneyball,PG-13,Biography,133,"[u'Brad Pitt', u'Robin Wright', u'Jonah Hill']",1,1
388,8.0,The Blues Brothers,R,Action,133,"[u'John Belushi', u'Dan Aykroyd', u'Cab Calloway']",1,1
877,7.5,Legends of the Fall,R,Drama,133,"[u'Brad Pitt', u'Anthony Hopkins', u'Aidan Quinn']",1,1
16,8.7,One Flew Over the Cuckoo's Nest,R,Drama,133,"[u'Jack Nicholson', u'Louise Fletcher', u'Michael Berryman']",1,1
197,8.1,In the Name of the Father,R,Biography,133,"[u'Daniel Day-Lewis', u'Pete Postlethwaite', u'Alison Crosbie']",1,1
325,8.0,Rain Man,R,Drama,133,"[u'Dustin Hoffman', u'Tom Cruise', u'Valeria Golino']",1,1
923,7.5,Across the Universe,PG-13,Drama,133,"[u'Evan Rachel Wood', u'Jim Sturgess', u'Joe Anderson']",1,1
603,7.7,A Very Long Engagement,R,Drama,133,"[u'Audrey Tautou', u'Gaspard Ulliel', u'Jodie Foster']",1,1
849,7.5,Quiz Show,PG-13,Drama,133,"[u'Ralph Fiennes', u'John Turturro', u'Rob Morrow']",1,1
532,7.8,X-Men: First Class,PG-13,Action,132,"[u'James McAvoy', u'Michael Fassbender', u'Jennifer Lawrence']",1,1
321,8.0,Brazil,R,Sci-Fi,132,"[u'Jonathan Pryce', u'Kim Greist', u'Robert De Niro']",1,1
152,8.2,V for Vendetta,R,Action,132,"[u'Hugo Weaving', u'Natalie Portman', u'Rupert Graves']",1,1
705,7.6,I Am Sam,PG-13,Drama,132,"[u'Sean Penn', u'Michelle Pfeiffer', u'Dakota Fanning']",1,1
488,7.8,Star Trek Into Darkness,PG-13,Action,132,"[u'Chris Pine', u'Zachary Quinto', u'Zoe Saldana']",1,1
107,8.3,For a Few Dollars More,APPROVED,Western,132,"[u'Clint Eastwood', u'Lee Van Cleef', u'Gian Maria Volont\xe9']",1,1
227,8.1,Million Dollar Baby,PG-13,Drama,132,"[u'Hilary Swank', u'Clint Eastwood', u'Morgan Freeman']",1,1
217,8.1,Memories of Murder,UNRATED,Crime,132,"[u'Kang-ho Song', u'Sang-kyung Kim', u'Roe-ha Kim']",1,1
944,7.4,Terms of Endearment,R,Comedy,132,"[u'Shirley MacLaine', u'Debra Winger', u'Jack Nicholson']",1,1
760,7.6,Enemy at the Gates,R,Drama,131,"[u'Jude Law', u'Ed Harris', u'Joseph Fiennes']",1,1
119,8.3,Unforgiven,R,Western,131,"[u'Clint Eastwood', u'Gene Hackman', u'Morgan Freeman']",1,1
777,7.6,The Book Thief,PG-13,Drama,131,"[u'Sophie N\xe9lisse', u'Geoffrey Rush', u'Emily Watson']",1,1
778,7.6,Die Hard: With a Vengeance,R,Action,131,"[u'Bruce Willis', u'Jeremy Irons', u'Samuel L. Jackson']",1,1
140,8.3,The Wages of Fear,NOT RATED,Adventure,131,"[u'Yves Montand', u'Charles Vanel', u'Peter van Eyck']",1,1
474,7.8,The Best Offer,R,Crime,131,"[u'Geoffrey Rush', u'Jim Sturgess', u'Sylvia Hoeks']",1,1
138,8.3,Die Hard,R,Action,131,"[u'Bruce Willis', u'Alan Rickman', u'Bonnie Bedelia']",1,1
219,8.1,Who's Afraid of Virginia Woolf?,TV-MA,Drama,131,"[u'Elizabeth Taylor', u'Richard Burton', u'George Segal']",1,1
645,7.7,Sense and Sensibility,PG,Drama,131,"[u'Emma Thompson', u'Kate Winslet', u'James Fleet']",1,1
739,7.6,The Hurt Locker,R,Drama,131,"[u'Jeremy Renner', u'Anthony Mackie', u'Brian Geraghty']",1,1
802,7.6,Tell No One,UNRATED,Crime,131,"[u'Fran\xe7ois Cluzet', u'Marie-Jos\xe9e Croze', u'Andr\xe9 Dussollier']",1,1
591,7.7,The Count of Monte Cristo,PG-13,Action,131,"[u'Jim Caviezel', u'Guy Pearce', u'Richard Harris']",1,1
248,8.1,X-Men: Days of Future Past,PG-13,Action,131,"[u'Patrick Stewart', u'Ian McKellen', u'Hugh Jackman']",1,1
304,8.0,Being There,PG,Comedy,130,"[u'Peter Sellers', u'Shirley MacLaine', u'Melvyn Douglas']",1,1
469,7.8,Tombstone,R,Action,130,"[u'Kurt Russell', u'Val Kilmer', u'Sam Elliott']",1,1
21,8.7,City of God,R,Crime,130,"[u'Alexandre Rodrigues', u'Matheus Nachtergaele', u'Leandro Firmino']",1,1
22,8.7,It's a Wonderful Life,APPROVED,Drama,130,"[u'James Stewart', u'Donna Reed', u'Lionel Barrymore']",1,1
428,7.9,Le passe,PG-13,Drama,130,"[u'B\xe9r\xe9nice Bejo', u'Tahar Rahim', u'Ali Mosaffa']",1,1
561,7.8,Serpico,R,Biography,130,"[u'Al Pacino', u'John Randolph', u'Jack Kehoe']",1,1
222,8.1,Harry Potter and the Deathly Hallows: Part 2,PG-13,Adventure,130,"[u'Daniel Radcliffe', u'Emma Watson', u'Rupert Grint']",1,1
211,8.1,Departures,PG-13,Drama,130,"[u'Masahiro Motoki', u'Ry\xf4ko Hirosue', u'Tsutomu Yamazaki']",1,1
922,7.5,Mud,PG-13,Drama,130,"[u'Matthew McConaughey', u'Tye Sheridan', u'Jacob Lofland']",1,1
833,7.5,The Life of David Gale,R,Crime,130,"[u'Kevin Spacey', u'Kate Winslet', u'Laura Linney']",1,1
556,7.8,The Name of the Rose,R,Crime,130,"[u'Sean Connery', u'Christian Slater', u'Helmut Qualtinger']",1,1
53,8.5,The Prestige,PG-13,Drama,130,"[u'Christian Bale', u'Hugh Jackman', u'Scarlett Johansson']",1,1
539,7.8,The Fugitive,PG-13,Action,130,"[u'Harrison Ford', u'Tommy Lee Jones', u'Sela Ward']",1,1
706,7.6,Fried Green Tomatoes,PG-13,Drama,130,"[u'Kathy Bates', u'Jessica Tandy', u'Mary Stuart Masterson']",1,1
623,7.7,Dawn of the Planet of the Apes,PG-13,Action,130,"[u'Gary Oldman', u'Keri Russell', u'Andy Serkis']",1,1
149,8.2,Rebecca,NOT RATED,Mystery,130,"[u'Laurence Olivier', u'Joan Fontaine', u'George Sanders']",1,1
130,8.3,Chinatown,R,Drama,130,"[u'Jack Nicholson', u'Faye Dunaway', u'John Huston']",1,1
893,7.5,In the Bedroom,R,Crime,130,"[u'Tom Wilkinson', u'Sissy Spacek', u'Nick Stahl']",1,1
858,7.5,Sherlock Holmes: A Game of Shadows,PG-13,Action,129,"[u'Robert Downey Jr.', u'Jude Law', u'Jared Harris']",1,1
83,8.4,To Kill a Mockingbird,NOT RATED,Drama,129,"[u'Gregory Peck', u'John Megna', u'Frank Overton']",1,1
420,7.9,The Man Who Would Be King,PG,Action,129,"[u'Sean Connery', u'Michael Caine', u'Christopher Plummer']",1,1
910,7.5,2046,R,Drama,129,"[u'Tony Chiu Wai Leung', u'Ziyi Zhang', u'Faye Wong']",1,1
879,7.5,The Constant Gardener,R,Drama,129,"[u'Ralph Fiennes', u'Rachel Weisz', u'Hubert Kound\xe9']",1,1
97,8.4,The Sting,PG,Comedy,129,"[u'Paul Newman', u'Robert Redford', u'Robert Shaw']",1,1
697,7.7,Inside Man,R,Crime,129,"[u'Denzel Washington', u'Clive Owen', u'Jodie Foster']",1,1
627,7.7,The Blind Side,PG-13,Biography,129,"[u'Quinton Aaron', u'Sandra Bullock', u'Tim McGraw']",1,1
141,8.3,The Secret in Their Eyes,R,Drama,129,"[u'Ricardo Dar\xedn', u'Soledad Villamil', u'Pablo Rago']",1,1
616,7.7,Sympathy for Mr. Vengeance,R,Crime,129,"[u'Kang-ho Song', u'Ha-kyun Shin', u'Doona Bae']",1,1
648,7.7,Primal Fear,R,Crime,129,"[u'Richard Gere', u'Laura Linney', u'Edward Norton']",1,1
525,7.8,Pride & Prejudice,PG,Drama,129,"[u'Keira Knightley', u'Matthew Macfadyen', u'Brenda Blethyn']",1,1
194,8.1,Kingsman: The Secret Service,R,Action,129,"[u'Colin Firth', u'Taron Egerton', u'Samuel L. Jackson']",1,1
558,7.8,The Game,R,Drama,129,"[u'Michael Douglas', u'Deborah Kara Unger', u'Sean Penn']",1,1
116,8.3,Mr. Smith Goes to Washington,NOT RATED,Drama,129,"[u'James Stewart', u'Jean Arthur', u'Claude Rains']",1,1
264,8.1,Twelve Monkeys,R,Mystery,129,"[u'Bruce Willis', u'Madeleine Stowe', u'Brad Pitt']",1,1
188,8.2,The Grapes of Wrath,NOT RATED,Drama,129,"[u'Henry Fonda', u'Jane Darwell', u'John Carradine']",1,1
124,8.3,Raging Bull,R,Biography,129,"[u'Robert De Niro', u'Cathy Moriarty', u'Joe Pesci']",1,1
527,7.8,Night on Earth,R,Comedy,129,"[u'Winona Ryder', u'Gena Rowlands', u'Lisanne Falk']",1,1
718,7.6,The Kite Runner,PG-13,Drama,128,"[u'Khalid Abdalla', u'Ahmad Khan Mahmoodzada', u'Atossa Leoni']",1,1
493,7.8,Mississippi Burning,R,Crime,128,"[u'Gene Hackman', u'Willem Dafoe', u'Frances McDormand']",1,1
270,8.1,Wings of Desire,PG-13,Drama,128,"[u'Bruno Ganz', u'Solveig Dommartin', u'Otto Sander']",1,1
756,7.6,Selma,PG-13,Biography,128,"[u'David Oyelowo', u'Carmen Ejogo', u'Tim Roth']",1,1
491,7.8,The Magnificent Seven,NOT RATED,Action,128,"[u'Yul Brynner', u'Steve McQueen', u'Charles Bronson']",1,1
409,7.9,Hard Boiled,R,Action,128,"[u'Yun-Fat Chow', u'Tony Chiu Wai Leung', u'Teresa Mo']",1,1
700,7.6,Milk,R,Biography,128,"[u'Sean Penn', u'Josh Brolin', u'Emile Hirsch']",1,1
342,8.0,Dead Poets Society,PG,Drama,128,"[u'Robin Williams', u'Robert Sean Leonard', u'Ethan Hawke']",1,1
76,8.4,Vertigo,APPROVED,Mystery,128,"[u'James Stewart', u'Kim Novak', u'Barbara Bel Geddes']",1,1
838,7.5,The Class,PG-13,Drama,128,"[u'Fran\xe7ois B\xe9gaudeau', u'Agame Malembo-Emene', u'Ang\xe9lica Sancio']",1,1
726,7.6,Sherlock Holmes,PG-13,Action,128,"[u'Robert Downey Jr.', u'Jude Law', u'Rachel McAdams']",1,1
824,7.5,42,PG-13,Biography,128,"[u'Chadwick Boseman', u'T.R. Knight', u'Harrison Ford']",1,1
905,7.5,Dracula,R,Horror,128,"[u'Gary Oldman', u'Winona Ryder', u'Anthony Hopkins']",1,1
336,8.0,Life of Pi,PG,Adventure,127,"[u'Suraj Sharma', u'Irrfan Khan', u'Adil Hussain']",1,1
418,7.9,Ed Wood,R,Biography,127,"[u'Johnny Depp', u'Martin Landau', u'Sarah Jessica Parker']",1,1
189,8.2,"Black Cat, White Cat",R,Comedy,127,"[u'Bajram Severdzan', u'Srdjan Todorovic', u'Branka Katic']",1,1
560,7.8,Donnie Brasco,R,Biography,127,"[u'Al Pacino', u'Johnny Depp', u'Michael Madsen']",1,1
24,8.7,Se7en,R,Drama,127,"[u'Morgan Freeman', u'Brad Pitt', u'Kevin Spacey']",1,1
605,7.7,Stardust,PG-13,Adventure,127,"[u'Charlie Cox', u'Claire Danes', u'Sienna Miller']",1,1
679,7.7,Moulin Rouge!,PG-13,Drama,127,"[u'Nicole Kidman', u'Ewan McGregor', u'John Leguizamo']",1,1
477,7.8,Amour,PG-13,Drama,127,"[u'Jean-Louis Trintignant', u'Emmanuelle Riva', u'Isabelle Huppert']",1,1
312,8.0,Star Trek,PG-13,Action,127,"[u'Chris Pine', u'Zachary Quinto', u'Simon Pegg']",1,1
299,8.0,Jurassic Park,PG-13,Adventure,127,"[u'Sam Neill', u'Laura Dern', u'Jeff Goldblum']",1,1
827,7.5,The Wind That Shakes the Barley,NOT RATED,Drama,127,"[u'Cillian Murphy', u'Padraic Delaney', u'Liam Cunningham']",1,1
317,8.0,Dawn of the Dead,UNRATED,Horror,127,"[u'David Emge', u'Ken Foree', u'Scott H. Reiniger']",1,1
118,8.3,Indiana Jones and the Last Crusade,PG-13,Action,127,"[u'Harrison Ford', u'Sean Connery', u'Alison Doody']",1,1
460,7.9,The World's Fastest Indian,PG-13,Biography,127,"[u'Anthony Hopkins', u'Diane Ladd', u'Iain Rea']",1,1
782,7.6,The Great Debaters,PG-13,Biography,126,"[u'Denzel Washington', u'Forest Whitaker', u'Kimberly Elise']",1,1
973,7.4,The Cider House Rules,PG-13,Drama,126,"[u'Tobey Maguire', u'Charlize Theron', u'Michael Caine']",1,1
794,7.6,Hugo,PG,Adventure,126,"[u'Asa Butterfield', u'Chlo\xeb Grace Moretz', u'Christopher Lee']",1,1
791,7.6,Sideways,R,Comedy,126,"[u'Paul Giamatti', u'Thomas Haden Church', u'Virginia Madsen']",1,1
699,7.6,The Fifth Element,PG-13,Action,126,"[u'Bruce Willis', u'Milla Jovovich', u'Gary Oldman']",1,1
434,7.9,Iron Man,PG-13,Action,126,"[u'Robert Downey Jr.', u'Gwyneth Paltrow', u'Terrence Howard']",1,1
721,7.6,House of Sand and Fog,R,Drama,126,"[u'Jennifer Connelly', u'Ben Kingsley', u'Ron Eldard']",1,1
780,7.6,Midnight Run,R,Action,126,"[u'Robert De Niro', u'Charles Grodin', u'Yaphet Kotto']",1,1
479,7.8,The Motorcycle Diaries,R,Adventure,126,"[u'Gael Garc\xeda Bernal', u'Rodrigo De la Serna', u'M\xeda Maestro']",1,1
487,7.8,Kaze tachinu,PG-13,Animation,126,"[u'Hideaki Anno', u'Hidetoshi Nishijima', u'Miori Takimoto']",1,1
377,8.0,The Fault in Our Stars,PG-13,Drama,126,"[u'Shailene Woodley', u'Ansel Elgort', u'Nat Wolff']",1,1
801,7.6,Batman,PG-13,Action,126,"[u'Michael Keaton', u'Jack Nicholson', u'Kim Basinger']",1,1
978,7.4,Wall Street,R,Crime,126,"[u'Charlie Sheen', u'Michael Douglas', u'Tamara Tunie']",1,1
323,8.0,Her,R,Drama,126,"[u'Joaquin Phoenix', u'Amy Adams', u'Scarlett Johansson']",1,1
139,8.3,Good Will Hunting,R,Drama,126,"[u'Robin Williams', u'Matt Damon', u'Ben Affleck']",1,1
154,8.2,Cool Hand Luke,PG,Crime,126,"[u'Paul Newman', u'George Kennedy', u'Strother Martin']",1,1
292,8.1,The Manchurian Candidate,APPROVED,Mystery,126,"[u'Frank Sinatra', u'Laurence Harvey', u'Janet Leigh']",1,1
100,8.3,The Treasure of the Sierra Madre,NOT RATED,Action,126,"[u'Humphrey Bogart', u'Walter Huston', u'Tim Holt']",1,1
845,7.5,The Painted Veil,PG-13,Drama,125,"[u'Naomi Watts', u'Edward Norton', u'Liev Schreiber']",1,1
498,7.8,Fantasia,G,Animation,125,"[u'Leopold Stokowski', u'Deems Taylor', u'Corey Burton']",1,1
278,8.1,Dog Day Afternoon,R,Crime,125,"[u'Al Pacino', u'John Cazale', u'Penelope Allen']",1,1
834,7.5,Life as a House,R,Drama,125,"[u'Hayden Christensen', u'Kevin Kline', u'Kristin Scott Thomas']",1,1
817,7.6,Saving Mr. Banks,PG-13,Biography,125,"[u'Emma Thompson', u'Tom Hanks', u'Annie Rose Buckley']",1,1
843,7.5,Marathon Man,R,Crime,125,"[u'Dustin Hoffman', u'Laurence Olivier', u'Roy Scheider']",1,1
898,7.5,The Mission,PG,Adventure,125,"[u'Robert De Niro', u'Jeremy Irons', u'Ray McAnally']",1,1
644,7.7,Philadelphia,PG-13,Drama,125,"[u'Tom Hanks', u'Denzel Washington', u'Roberta Maxwell']",1,1
30,8.6,Spirited Away,PG,Animation,125,"[u'Daveigh Chase', u'Suzanne Pleshette', u'Miyu Irino']",1,1
103,8.3,The Apartment,APPROVED,Comedy,125,"[u'Jack Lemmon', u'Shirley MacLaine', u'Fred MacMurray']",1,1
52,8.5,The Great Dictator,APPROVED,Comedy,125,"[u'Charles Chaplin', u'Paulette Goddard', u'Jack Oakie']",1,1
786,7.6,The Town,R,Crime,125,"[u'Ben Affleck', u'Rebecca Hall', u'Jon Hamm']",1,1
310,8.0,Big Fish,PG-13,Adventure,125,"[u'Ewan McGregor', u'Albert Finney', u'Billy Crudup']",1,1
260,8.1,The Sea Inside,PG-13,Biography,125,"[u'Javier Bardem', u'Bel\xe9n Rueda', u'Lola Due\xf1as']",1,1
473,7.8,Ordinary People,R,Drama,124,"[u'Donald Sutherland', u'Mary Tyler Moore', u'Judd Hirsch']",1,1
448,7.9,Cabaret,PG,Drama,124,"[u'Liza Minnelli', u'Michael York', u'Helmut Griem']",1,1
831,7.5,Reign Over Me,R,Drama,124,"[u'Adam Sandler', u'Don Cheadle', u'Jada Pinkett Smith']",1,1
267,8.1,Jaws,PG,Drama,124,"[u'Roy Scheider', u'Robert Shaw', u'Richard Dreyfuss']",1,1
256,8.1,Akira,R,Animation,124,"[u'Nozomu Sasaki', u'Mami Koyama', u'Mitsuo Iwata']",1,1
241,8.1,Castle in the Sky,PG,Animation,124,"[u'Anna Paquin', u'James Van Der Beek', u'Cloris Leachman']",1,1
216,8.1,Sin City,R,Crime,124,"[u'Mickey Rourke', u'Clive Owen', u'Bruce Willis']",1,1
635,7.7,Match Point,R,Drama,124,"[u'Scarlett Johansson', u'Jonathan Rhys Meyers', u'Emily Mortimer']",1,1
693,7.7,The Player,R,Comedy,124,"[u'Tim Robbins', u'Greta Scacchi', u'Fred Ward']",1,1
725,7.6,Blow,R,Biography,124,"[u'Johnny Depp', u'Pen\xe9lope Cruz', u'Franka Potente']",1,1
148,8.2,The Elephant Man,PG,Biography,124,"[u'Anthony Hopkins', u'John Hurt', u'Anne Bancroft']",1,1
857,7.5,Pleasantville,PG-13,Comedy,124,"[u'Tobey Maguire', u'Jeff Daniels', u'Joan Allen']",1,1
596,7.7,21 Grams,R,Crime,124,"[u'Sean Penn', u'Benicio Del Toro', u'Naomi Watts']",1,1
768,7.6,The Reader,R,Drama,124,"[u'Kate Winslet', u'Ralph Fiennes', u'Bruno Ganz']",1,1
12,8.8,Star Wars: Episode V - The Empire Strikes Back,PG,Action,124,"[u'Mark Hamill', u'Harrison Ford', u'Carrie Fisher']",1,1
829,7.5,Elizabeth,R,Biography,124,"[u'Cate Blanchett', u'Geoffrey Rush', u'Christopher Eccleston']",1,1
530,7.8,Atonement,R,Drama,123,"[u'Keira Knightley', u'James McAvoy', u'Brenda Blethyn']",1,1
165,8.2,My Sassy Girl,NOT RATED,Comedy,123,"[u'Tae-hyun Cha', u'Gianna Jun', u'In-mun Kim']",1,1
163,8.2,Rush,R,Action,123,"[u'Daniel Br\xfchl', u'Chris Hemsworth', u'Olivia Wilde']",1,1
601,7.7,The Last King of Scotland,R,Biography,123,"[u'James McAvoy', u'Forest Whitaker', u'Gillian Anderson']",1,1
779,7.6,Interview with the Vampire: The Vampire Chronicles,R,Horror,123,"[u'Brad Pitt', u'Tom Cruise', u'Antonio Banderas']",1,1
550,7.8,The Theory of Everything,PG-13,Biography,123,"[u'Eddie Redmayne', u'Felicity Jones', u'Tom Prior']",1,1
876,7.5,Freedom Writers,PG-13,Biography,123,"[u'Hilary Swank', u'Imelda Staunton', u'Patrick Dempsey']",1,1
397,7.9,The Notebook,PG-13,Drama,123,"[u'Gena Rowlands', u'James Garner', u'Rachel McAdams']",1,1
505,7.8,About Time,R,Drama,123,"[u'Domhnall Gleeson', u'Rachel McAdams', u'Bill Nighy']",1,1
689,7.7,Seven Pounds,PG-13,Drama,123,"[u'Will Smith', u'Rosario Dawson', u'Woody Harrelson']",1,1
367,8.0,Amarcord,R,Comedy,123,"[u'Magali No\xebl', u'Bruno Zanin', u'Pupella Maggio']",1,1
251,8.1,The Man Who Shot Liberty Valance,APPROVED,Drama,123,"[u'James Stewart', u'John Wayne', u'Vera Miles']",1,1
73,8.4,Jodaeiye Nader az Simin,PG-13,Drama,123,"[u'Peyman Moaadi', u'Leila Hatami', u'Sareh Bayat']",1,1
199,8.1,No Country for Old Men,R,Crime,122,"[u'Tommy Lee Jones', u'Javier Bardem', u'Josh Brolin']",1,1
475,7.8,Silver Linings Playbook,R,Comedy,122,"[u'Bradley Cooper', u'Jennifer Lawrence', u'Robert De Niro']",1,1
284,8.1,A Streetcar Named Desire,PG,Drama,122,"[u'Vivien Leigh', u'Marlon Brando', u'Kim Hunter']",1,1
636,7.7,Training Day,R,Crime,122,"[u'Denzel Washington', u'Ethan Hawke', u'Scott Glenn']",1,1
724,7.6,Lord of War,R,Crime,122,"[u'Nicolas Cage', u'Ethan Hawke', u'Jared Leto']",1,1
609,7.7,Frost/Nixon,R,Drama,122,"[u'Frank Langella', u'Michael Sheen', u'Kevin Bacon']",1,1
918,7.5,Running Scared,R,Action,122,"[u'Paul Walker', u'Cameron Bright', u'Chazz Palminteri']",1,1
784,7.6,Dead Man Walking,R,Crime,122,"[u'Susan Sarandon', u'Sean Penn', u'Robert Prosky']",1,1
155,8.2,Relatos salvajes,R,Comedy,122,"[u'Dar\xedo Grandinetti', u'Mar\xeda Marull', u'M\xf3nica Villa']",1,1
574,7.8,Control,R,Biography,122,"[u'Sam Riley', u'Samantha Morton', u'Craig Parkinson']",1,1
396,7.9,Almost Famous,R,Drama,122,"[u'Billy Crudup', u'Patrick Fugit', u'Kate Hudson']",1,1
67,8.4,American Beauty,R,Drama,122,"[u'Kevin Spacey', u'Annette Bening', u'Thora Birch']",1,1
555,7.8,3:10 to Yuma,R,Adventure,122,"[u'Russell Crowe', u'Christian Bale', u'Ben Foster']",1,1
392,8.0,Glory,R,Drama,122,"[u'Matthew Broderick', u'Denzel Washington', u'Cary Elwes']",1,1
70,8.4,Amelie,R,Comedy,122,"[u'Audrey Tautou', u'Mathieu Kassovitz', u'Rufus']",1,1
322,8.0,The Exorcist,R,Horror,122,"[u'Ellen Burstyn', u'Max von Sydow', u'Linda Blair']",1,1
846,7.5,A Simple Plan,R,Crime,121,"[u'Bill Paxton', u'Billy Bob Thornton', u'Bridget Fonda']",1,1
196,8.1,Guardians of the Galaxy,PG-13,Action,121,"[u'Chris Pratt', u'Vin Diesel', u'Bradley Cooper']",1,1
185,8.2,Network,R,Drama,121,"[u'Faye Dunaway', u'William Holden', u'Peter Finch']",1,1
458,7.9,Hot Fuzz,R,Comedy,121,"[u'Simon Pegg', u'Nick Frost', u'Martin Freeman']",1,1
182,8.2,The Battle of Algiers,NOT RATED,Crime,121,"[u'Brahim Hadjadj', u'Jean Martin', u'Yacef Saadi']",1,1
180,8.2,Hotel Rwanda,PG-13,Drama,121,"[u'Don Cheadle', u'Sophie Okonedo', u'Joaquin Phoenix']",1,1
785,7.6,The Piano,R,Drama,121,"[u'Holly Hunter', u'Harvey Keitel', u'Sam Neill']",1,1
900,7.5,The Three Burials of Melquiades Estrada,R,Adventure,121,"[u'Tommy Lee Jones', u'Barry Pepper', u'Dwight Yoakam']",1,1
594,7.7,Dead Man,R,Drama,121,"[u'Johnny Depp', u'Gary Farmer', u'Crispin Glover']",1,1
749,7.6,Lone Survivor,R,Action,121,"[u'Mark Wahlberg', u'Taylor Kitsch', u'Emile Hirsch']",1,1
571,7.8,A Bronx Tale,R,Crime,121,"[u'Robert De Niro', u'Chazz Palminteri', u'Lillo Brancato']",1,1
579,7.8,Awakenings,PG-13,Biography,121,"[u'Robert De Niro', u'Robin Williams', u'Julie Kavner']",1,1
19,8.7,Star Wars,PG,Action,121,"[u'Mark Hamill', u'Harrison Ford', u'Carrie Fisher']",1,1
584,7.8,Good Bye Lenin!,R,Comedy,121,"[u'Daniel Br\xfchl', u'Katrin Sa\xdf', u'Chulpan Khamatova']",1,1
344,8.0,Head-On,R,Drama,121,"[u'Birol \xdcnel', u'Sibel Kekilli', u'G\xfcven Kira\xe7']",1,1
741,7.6,Volver,R,Comedy,121,"[u'Pen\xe9lope Cruz', u'Carmen Maura', u'Lola Due\xf1as']",1,1
690,7.7,Midnight Express,R,Biography,121,"[u'Brad Davis', u'Irene Miracle', u'Bo Hopkins']",1,1
945,7.4,Take Shelter,R,Drama,120,"[u'Michael Shannon', u'Jessica Chastain', u'Shea Whigham']",1,1
797,7.6,Collateral,R,Crime,120,"[u'Tom Cruise', u'Jamie Foxx', u'Jada Pinkett Smith']",1,1
195,8.1,Platoon,R,Drama,120,"[u'Charlie Sheen', u'Tom Berenger', u'Willem Dafoe']",1,1
880,7.5,My Cousin Vinny,R,Comedy,120,"[u'Joe Pesci', u'Marisa Tomei', u'Ralph Macchio']",1,1
111,8.3,Some Like It Hot,NOT RATED,Comedy,120,"[u'Marilyn Monroe', u'Tony Curtis', u'Jack Lemmon']",1,1
369,8.0,True Romance,R,Crime,120,"[u'Christian Slater', u'Patricia Arquette', u'Dennis Hopper']",1,1
544,7.8,Argo,R,Drama,120,"[u'Ben Affleck', u'Bryan Cranston', u'John Goodman']",1,1
506,7.8,Blue Velvet,R,Crime,120,"[u'Isabella Rossellini', u'Kyle MacLachlan', u'Dennis Hopper']",1,1
548,7.8,The Experiment,R,Drama,120,"[u'Moritz Bleibtreu', u'Christian Berkel', u'Oliver Stokowski']",1,1
246,8.1,Stalag 17,NOT RATED,Comedy,120,"[u'William Holden', u'Don Taylor', u'Otto Preminger']",1,1
554,7.8,The Social Network,PG-13,Biography,120,"[u'Jesse Eisenberg', u'Andrew Garfield', u'Justin Timberlake']",1,1
77,8.4,Oldeuboi,R,Drama,120,"[u'Min-sik Choi', u'Ji-tae Yu', u'Hye-jeong Kang']",1,1
728,7.6,La piel que habito,R,Thriller,120,"[u'Antonio Banderas', u'Elena Anaya', u'Jan Cornet']",1,1
311,8.0,Slumdog Millionaire,R,Drama,120,"[u'Dev Patel', u'Freida Pinto', u'Saurabh Shukla']",1,1
435,7.9,Do the Right Thing,R,Comedy,120,"[u'Danny Aiello', u'Ossie Davis', u'Ruby Dee']",1,1
875,7.5,Rust and Bone,R,Drama,120,"[u'Marion Cotillard', u'Matthias Schoenaerts', u'Armand Verdure']",1,1
437,7.9,"Crouching Tiger, Hidden Dragon",PG-13,Action,120,"[u'Yun-Fat Chow', u'Michelle Yeoh', u'Ziyi Zhang']",1,1
848,7.5,The Man Who Knew Too Much,PG,Thriller,120,"[u'James Stewart', u'Doris Day', u'Brenda de Banzie']",1,1
147,8.2,Howl's Moving Castle,PG,Animation,119,"[u'Chieko Baish\xf4', u'Takuya Kimura', u'Tatsuya Gash\xfbin']",1,1
906,7.5,Looper,R,Action,119,"[u'Joseph Gordon-Levitt', u'Bruce Willis', u'Emily Blunt']",1,1
672,7.7,In a Better World,R,Drama,119,"[u'Mikael Persbrandt', u'Trine Dyrholm', u'Markus Rygaard']",1,1
654,7.7,Dangerous Liaisons,R,Drama,119,"[u'Glenn Close', u'John Malkovich', u'Michelle Pfeiffer']",1,1
34,8.6,American History X,R,Crime,119,"[u'Edward Norton', u'Edward Furlong', u""Beverly D'Angelo""]",1,1
809,7.6,House of Flying Daggers,PG-13,Action,119,"[u'Ziyi Zhang', u'Takeshi Kaneshiro', u'Andy Lau']",1,1
572,7.8,The Birds,PG-13,Horror,119,"[u'Rod Taylor', u'Tippi Hedren', u'Suzanne Pleshette']",1,1
74,8.4,Citizen Kane,APPROVED,Drama,119,"[u'Orson Welles', u'Joseph Cotten', u'Dorothy Comingore']",1,1
269,8.1,Rocky,PG,Drama,119,"[u'Sylvester Stallone', u'Talia Shire', u'Burt Young']",1,1
366,8.0,Serenity,PG-13,Action,119,"[u'Nathan Fillion', u'Gina Torres', u'Chiwetel Ejiofor']",1,1
452,7.9,The Man from Nowhere,R,Action,119,"[u'Bin Won', u'Sae-ron Kim', u'Tae-hoon Kim']",1,1
333,8.0,The Searchers,APPROVED,Adventure,119,"[u'John Wayne', u'Jeffrey Hunter', u'Vera Miles']",1,1
394,7.9,Birdman: Or (The Unexpected Virtue of Ignorance),R,Comedy,119,"[u'Michael Keaton', u'Zach Galifianakis', u'Edward Norton']",1,1
411,7.9,The Bourne Identity,PG-13,Action,119,"[u'Franka Potente', u'Matt Damon', u'Chris Cooper']",1,1
383,8.0,The Untouchables,R,Crime,119,"[u'Kevin Costner', u'Sean Connery', u'Robert De Niro']",1,1
975,7.4,Back to the Future Part III,PG,Adventure,118,"[u'Michael J. Fox', u'Christopher Lloyd', u'Mary Steenburgen']",1,1
528,7.8,From Here to Eternity,NOT RATED,Drama,118,"[u'Burt Lancaster', u'Montgomery Clift', u'Deborah Kerr']",1,1
934,7.4,"Crazy, Stupid, Love.",PG-13,Comedy,118,"[u'Steve Carell', u'Ryan Gosling', u'Julianne Moore']",1,1
788,7.6,Boys Don't Cry,R,Biography,118,"[u'Hilary Swank', u'Chlo\xeb Sevigny', u'Peter Sarsgaard']",1,1
930,7.4,Man on the Moon,R,Biography,118,"[u'Jim Carrey', u'Danny DeVito', u'Gerry Becker']",1,1
963,7.4,La Femme Nikita,R,Action,118,"[u'Anne Parillaud', u'Marc Duret', u'Patrick Fontana']",1,1
228,8.1,The Last Picture Show,R,Drama,118,"[u'Timothy Bottoms', u'Jeff Bridges', u'Cybill Shepherd']",1,1
254,8.1,Roman Holiday,NOT RATED,Comedy,118,"[u'Gregory Peck', u'Audrey Hepburn', u'Eddie Albert']",1,1
608,7.7,Fear and Loathing in Las Vegas,R,Comedy,118,"[u'Johnny Depp', u'Benicio Del Toro', u'Tobey Maguire']",1,1
274,8.1,The King's Speech,R,Biography,118,"[u'Colin Firth', u'Geoffrey Rush', u'Helena Bonham Carter']",1,1
618,7.7,Shane,APPROVED,Drama,118,"[u'Alan Ladd', u'Jean Arthur', u'Van Heflin']",1,1
252,8.1,Arsenic and Old Lace,NOT RATED,Comedy,118,"[u'Cary Grant', u'Priscilla Lane', u'Raymond Massey']",1,1
27,8.6,The Silence of the Lambs,R,Drama,118,"[u'Jodie Foster', u'Anthony Hopkins', u'Lawrence A. Bonney']",1,1
562,7.8,What's Eating Gilbert Grape,PG-13,Drama,118,"[u'Johnny Depp', u'Leonardo DiCaprio', u'Juliette Lewis']",1,1
136,8.3,Pan's Labyrinth,R,Drama,118,"[u'Ivana Baquero', u'Ariadna Gil', u'Sergi L\xf3pez']",1,1
764,7.6,Indiana Jones and the Temple of Doom,PG,Action,118,"[u'Harrison Ford', u'Kate Capshaw', u'Jonathan Ke Quan']",1,1
598,7.7,Kick-Ass,R,Action,117,"[u'Aaron Taylor-Johnson', u'Nicolas Cage', u'Chlo\xeb Grace Moretz']",1,1
490,7.8,Open Your Eyes,R,Drama,117,"[u'Eduardo Noriega', u'Pen\xe9lope Cruz', u'Chete Lera']",1,1
346,8.0,Dallas Buyers Club,R,Biography,117,"[u'Matthew McConaughey', u'Jennifer Garner', u'Jared Leto']",1,1
952,7.4,Pirate Radio,R,Comedy,117,"[u'Philip Seymour Hoffman', u'Bill Nighy', u'Nick Frost']",1,1
407,7.9,Nightcrawler,R,Crime,117,"[u'Jake Gyllenhaal', u'Rene Russo', u'Bill Paxton']",1,1
587,7.7,Road to Perdition,R,Crime,117,"[u'Tom Hanks', u'Tyler Hoechlin', u'Rob Maxey']",1,1
153,8.2,The Big Lebowski,R,Comedy,117,"[u'Jeff Bridges', u'John Goodman', u'Julianne Moore']",1,1
429,7.9,The Fall,R,Adventure,117,"[u'Lee Pace', u'Catinca Untaru', u'Justine Waddell']",1,1
57,8.5,Alien,R,Horror,117,"[u'Sigourney Weaver', u'Tom Skerritt', u'John Hurt']",1,1
193,8.2,Nausicaa of the Valley of the Wind,PG,Animation,117,"[u'Sumi Shimamoto', u'Mahito Tsujimura', u'Hisako Ky\xf4da']",1,1
863,7.5,Three Days of the Condor,R,Mystery,117,"[u'Robert Redford', u'Faye Dunaway', u'Cliff Robertson']",1,1
145,8.2,Blade Runner,R,Sci-Fi,117,"[u'Harrison Ford', u'Rutger Hauer', u'Sean Young']",1,1
570,7.8,300,R,Action,117,"[u'Gerard Butler', u'Lena Headey', u'David Wenham']",1,1
400,7.9,The Pursuit of Happyness,PG-13,Biography,117,"[u'Will Smith', u'Thandie Newton', u'Jaden Smith']",1,1
65,8.4,Witness for the Prosecution,APPROVED,Crime,116,"[u'Tyrone Power', u'Marlene Dietrich', u'Charles Laughton']",1,1
921,7.5,Trading Places,R,Comedy,116,"[u'Eddie Murphy', u'Dan Aykroyd', u'Ralph Bellamy']",1,1
746,7.6,The Man Who Wasn't There,R,Crime,116,"[u'Billy Bob Thornton', u'Frances McDormand', u'Michael Badalucco']",1,1
25,8.6,Life Is Beautiful,PG-13,Comedy,116,"[u'Roberto Benigni', u'Nicoletta Braschi', u'Giorgio Cantarini']",1,1
600,7.7,Barton Fink,R,Drama,116,"[u'John Turturro', u'John Goodman', u'Judy Davis']",1,1
733,7.6,The Blind Swordsman: Zatoichi,R,Action,116,"[u'Takeshi Kitano', u'Tadanobu Asano', u'Yui Natsukawa']",1,1
902,7.5,Frenzy,R,Thriller,116,"[u'Jon Finch', u'Barry Foster', u'Alec McCowen']",1,1
904,7.5,Sweeney Todd: The Demon Barber of Fleet Street,R,Drama,116,"[u'Johnny Depp', u'Helena Bonham Carter', u'Alan Rickman']",1,1
803,7.6,Ghost Dog: The Way of the Samurai,R,Action,116,"[u'Forest Whitaker', u'Henry Silva', u'John Tormey']",1,1
446,7.9,The Fighter,R,Biography,116,"[u'Mark Wahlberg', u'Christian Bale', u'Amy Adams']",1,1
692,7.7,MASH,R,Comedy,116,"[u'Donald Sutherland', u'Elliott Gould', u'Tom Skerritt']",1,1
162,8.2,Gran Torino,R,Drama,116,"[u'Clint Eastwood', u'Bee Vang', u'Christopher Carley']",1,1
161,8.2,Diabolique,UNRATED,Horror,116,"[u'Simone Signoret', u'V\xe9ra Clouzot', u'Paul Meurisse']",1,1
54,8.5,Back to the Future,PG,Adventure,116,"[u'Michael J. Fox', u'Christopher Lloyd', u'Lea Thompson']",1,1
974,7.4,Tootsie,PG,Comedy,116,"[u'Dustin Hoffman', u'Jessica Lange', u'Teri Garr']",1,1
577,7.8,Ocean's Eleven,PG-13,Crime,116,"[u'George Clooney', u'Brad Pitt', u'Julia Roberts']",1,1
102,8.3,Full Metal Jacket,R,Drama,116,"[u'Matthew Modine', u'R. Lee Ermey', u""Vincent D'Onofrio""]",1,1
261,8.1,Elite Squad,R,Action,115,"[u'Wagner Moura', u'Andr\xe9 Ramiro', u'Caio Junqueira']",1,1
773,7.6,Disconnect,R,Drama,115,"[u'Jason Bateman', u'Jonah Bobo', u'Haley Ramm']",1,1
239,8.1,Elite Squad: The Enemy Within,UNRATED,Action,115,"[u'Wagner Moura', u'Irandhir Santos', u'Andr\xe9 Ramiro']",1,1
790,7.6,Of Mice and Men,PG-13,Drama,115,"[u'John Malkovich', u'Gary Sinise', u'Ray Walston']",1,1
360,8.0,Let the Right One In,R,Drama,115,"[u'K\xe5re Hedebrant', u'Lina Leandersson', u'Per Ragnar']",1,1
417,7.9,Cowboy Bebop: The Movie,R,Animation,115,"[u'Beau Billingslea', u'Melissa Fahn', u'Nicholas Guest']",1,1
468,7.9,E.T. the Extra-Terrestrial,PG,Family,115,"[u'Henry Thomas', u'Drew Barrymore', u'Peter Coyote']",1,1
546,7.8,Breakfast at Tiffany's,NOT RATED,Comedy,115,"[u'Audrey Hepburn', u'George Peppard', u'Patricia Neal']",1,1
240,8.1,The Bourne Ultimatum,PG-13,Action,115,"[u'Matt Damon', u'\xc9dgar Ram\xedrez', u'Joan Allen']",1,1
441,7.9,Miller's Crossing,R,Crime,115,"[u'Gabriel Byrne', u'Albert Finney', u'John Turturro']",1,1
564,7.8,Nebraska,R,Adventure,115,"[u'Bruce Dern', u'Will Forte', u'June Squibb']",1,1
307,8.0,East of Eden,PG,Drama,115,"[u'James Dean', u'Raymond Massey', u'Julie Harris']",1,1
896,7.5,From Russia with Love,APPROVED,Action,115,"[u'Sean Connery', u'Robert Shaw', u'Lotte Lenya']",1,1
37,8.6,Raiders of the Lost Ark,PG,Action,115,"[u'Harrison Ford', u'Karen Allen', u'Paul Freeman']",1,1
121,8.3,Jagten,R,Drama,115,"[u'Mads Mikkelsen', u'Thomas Bo Larsen', u'Annika Wedderkopp']",1,1
378,8.0,The Incredibles,PG,Animation,115,"[u'Craig T. Nelson', u'Samuel L. Jackson', u'Holly Hunter']",1,1
537,7.8,The Goonies,PG,Adventure,114,"[u'Sean Astin', u'Josh Brolin', u'Jeff Cohen']",1,1
751,7.6,The Impossible,PG-13,Drama,114,"[u'Naomi Watts', u'Ewan McGregor', u'Tom Holland']",1,1
775,7.6,Hoosiers,PG,Drama,114,"[u'Gene Hackman', u'Barbara Hershey', u'Dennis Hopper']",1,1
573,7.8,Battle Royale,NOT RATED,Action,114,"[u'Tatsuya Fujiwara', u'Aki Maeda', u'Tar\xf4 Yamamoto']",1,1
253,8.1,The Big Sleep,APPROVED,Crime,114,"[u'Humphrey Bogart', u'Lauren Bacall', u'John Ridgely']",1,1
810,7.6,The Hours,PG-13,Drama,114,"[u'Meryl Streep', u'Nicole Kidman', u'Julianne Moore']",1,1
413,7.9,Nine Queens,R,Crime,114,"[u'Ricardo Dar\xedn', u'Gast\xf3n Pauls', u'Leticia Br\xe9dice']",1,1
961,7.4,Capote,R,Biography,114,"[u'Philip Seymour Hoffman', u'Clifton Collins Jr.', u'Catherine Keener']",1,1
602,7.7,Adaptation.,R,Comedy,114,"[u'Nicolas Cage', u'Meryl Streep', u'Chris Cooper']",1,1
908,7.5,Bullitt,PG,Action,114,"[u'Steve McQueen', u'Jacqueline Bisset', u'Robert Vaughn']",1,1
977,7.4,Poltergeist,PG,Horror,114,"[u'JoBeth Williams', u""Heather O'Rourke"", u'Craig T. Nelson']",1,1
209,8.1,The Imitation Game,PG-13,Biography,114,"[u'Benedict Cumberbatch', u'Keira Knightley', u'Matthew Goode']",1,1
825,7.5,Rudy,PG,Biography,114,"[u'Sean Astin', u'Jon Favreau', u'Ned Beatty']",1,1
816,7.6,August Rush,PG,Drama,114,"[u'Freddie Highmore', u'Keri Russell', u'Jonathan Rhys Meyers']",1,1
621,7.7,Gone Baby Gone,R,Crime,114,"[u'Morgan Freeman', u'Ed Harris', u'Casey Affleck']",1,1
710,7.6,Superbad,R,Comedy,113,"[u'Michael Cera', u'Jonah Hill', u'Christopher Mintz-Plasse']",1,1
708,7.6,28 Days Later...,R,Horror,113,"[u'Cillian Murphy', u'Naomie Harris', u'Christopher Eccleston']",1,1
582,7.8,Sabrina,UNRATED,Comedy,113,"[u'Humphrey Bogart', u'Audrey Hepburn', u'William Holden']",1,1
218,8.1,Donnie Darko,R,Drama,113,"[u'Jake Gyllenhaal', u'Jena Malone', u'Mary McDonnell']",1,1
46,8.5,Memento,R,Mystery,113,"[u'Guy Pearce', u'Carrie-Anne Moss', u'Joe Pantoliano']",1,1
585,7.7,Remember the Titans,PG,Biography,113,"[u'Denzel Washington', u'Will Patton', u'Wood Harris']",1,1
586,7.7,Star Trek II: The Wrath of Khan,PG,Action,113,"[u'William Shatner', u'Leonard Nimoy', u'DeForest Kelley']",1,1
637,7.7,The Butterfly Effect,R,Sci-Fi,113,"[u'Ashton Kutcher', u'Amy Smart', u'Melora Walters']",1,1
792,7.6,High Fidelity,R,Comedy,113,"[u'John Cusack', u'Iben Hjejle', u'Todd Louiso']",1,1
761,7.6,Falling Down,R,Crime,113,"[u'Michael Douglas', u'Robert Duvall', u'Barbara Hershey']",1,1
696,7.7,Stranger Than Fiction,PG-13,Comedy,113,"[u'Will Ferrell', u'Emma Thompson', u'Dustin Hoffman']",1,1
885,7.5,Total Recall,R,Action,113,"[u'Arnold Schwarzenegger', u'Sharon Stone', u'Michael Ironside']",1,1
387,8.0,Midnight Cowboy,X,Drama,113,"[u'Dustin Hoffman', u'Jon Voight', u'Sylvia Miles']",1,1
320,8.0,Central Station,R,Drama,113,"[u'Fernanda Montenegro', u'Vin\xedcius de Oliveira', u'Mar\xedlia P\xeara']",1,1
315,8.0,Charade,NOT RATED,Comedy,113,"[u'Cary Grant', u'Audrey Hepburn', u'Walter Matthau']",1,1
823,7.5,Straw Dogs,UNRATED,Crime,113,"[u'Dustin Hoffman', u'Susan George', u'Peter Vaughan']",1,1
819,7.6,Jacob's Ladder,R,Drama,113,"[u'Tim Robbins', u'Elizabeth Pe\xf1a', u'Danny Aiello']",1,1
92,8.4,Taxi Driver,R,Crime,113,"[u'Robert De Niro', u'Jodie Foster', u'Cybill Shepherd']",1,1
481,7.8,Evil,NOT RATED,Drama,113,"[u'Andreas Wilson', u'Henrik Lundstr\xf6m', u'Gustaf Skarsg\xe5rd']",1,1
391,8.0,Edge of Tomorrow,PG-13,Action,113,"[u'Tom Cruise', u'Emily Blunt', u'Bill Paxton']",1,1
427,7.9,"4 Months, 3 Weeks and 2 Days",NOT RATED,Drama,113,"[u'Anamaria Marinca', u'Vlad Ivanov', u'Laura Vasiliu']",1,1
398,7.9,The Conversation,PG,Drama,113,"[u'Gene Hackman', u'John Cazale', u'Allen Garfield']",1,1
38,8.6,Rear Window,APPROVED,Mystery,112,"[u'James Stewart', u'Grace Kelly', u'Wendell Corey']",1,1
509,7.8,The Last of the Mohicans,R,Action,112,"[u'Daniel Day-Lewis', u'Madeleine Stowe', u'Russell Means']",1,1
326,8.0,Talk to Her,R,Drama,112,"[u'Rosario Flores', u'Javier C\xe1mara', u'Dar\xedo Grandinetti']",1,1
972,7.4,Blue Valentine,NC-17,Drama,112,"[u'Ryan Gosling', u'Michelle Williams', u'John Doman']",1,1
847,7.5,The Conjuring,R,Horror,112,"[u'Patrick Wilson', u'Vera Farmiga', u'Ron Livingston']",1,1
368,8.0,Planet of the Apes,G,Adventure,112,"[u'Charlton Heston', u'Roddy McDowall', u'Kim Hunter']",1,1
313,8.0,The Straight Story,G,Biography,112,"[u'Richard Farnsworth', u'Sissy Spacek', u'Jane Galloway Heitz']",1,1
931,7.4,Mean Streets,R,Crime,112,"[u'Robert De Niro', u'Harvey Keitel', u'David Proval']",1,1
638,7.7,The City of Lost Children,R,Fantasy,112,"[u'Ron Perlman', u'Daniel Emilfork', u'Judith Vittet']",1,1
31,8.6,The Intouchables,R,Biography,112,"[u'Fran\xe7ois Cluzet', u'Omar Sy', u'Anne Le Ny']",1,1
432,7.9,Crash,R,Drama,112,"[u'Don Cheadle', u'Sandra Bullock', u'Thandie Newton']",1,1
286,8.1,The Diving Bell and the Butterfly,PG-13,Biography,112,"[u'Mathieu Amalric', u'Emmanuelle Seigner', u'Marie-Jos\xe9e Croze']",1,1
870,7.5,The Ice Storm,R,Drama,112,"[u'Kevin Kline', u'Joan Allen', u'Sigourney Weaver']",1,1
349,8.0,District 9,R,Action,112,"[u'Sharlto Copley', u'David James', u'Jason Cope']",1,1
872,7.5,We Need to Talk About Kevin,R,Drama,112,"[u'Tilda Swinton', u'John C. Reilly', u'Ezra Miller']",1,1
670,7.7,Sympathy for Lady Vengeance,R,Crime,112,"[u'Yeong-ae Lee', u'Min-sik Choi', u'Shi-hoo Kim']",1,1
753,7.6,Escape from Alcatraz,PG,Action,112,"[u'Clint Eastwood', u'Patrick McGoohan', u'Roberts Blossom']",1,1
553,7.8,Being John Malkovich,R,Comedy,112,"[u'John Cusack', u'Cameron Diaz', u'Catherine Keener']",1,1
912,7.5,Smoke,R,Comedy,112,"[u'Harvey Keitel', u'William Hurt', u'Giancarlo Esposito']",1,1
566,7.8,Boyz n the Hood,R,Crime,112,"[u'Cuba Gooding Jr.', u'Laurence Fishburne', u'Hudhail Al-Amir']",1,1
856,7.5,Scott Pilgrim vs. the World,PG-13,Action,112,"[u'Michael Cera', u'Mary Elizabeth Winstead', u'Kieran Culkin']",1,1
920,7.5,Witness,R,Crime,112,"[u'Harrison Ford', u'Kelly McGillis', u'Lukas Haas']",1,1
255,8.1,The Philadelphia Story,NOT RATED,Comedy,112,"[u'Cary Grant', u'Katharine Hepburn', u'James Stewart']",1,1
687,7.7,Spellbound,UNRATED,Film-Noir,111,"[u'Ingrid Bergman', u'Gregory Peck', u'Michael Chekhov']",1,1
940,7.4,Much Ado About Nothing,PG-13,Comedy,111,"[u'Kenneth Branagh', u'Emma Thompson', u'Keanu Reeves']",1,1
769,7.6,The Omen,R,Horror,111,"[u'Gregory Peck', u'Lee Remick', u'Harvey Stephens']",1,1
919,7.5,Ghost World,R,Comedy,111,"[u'Steve Buscemi', u'Thora Birch', u'Scarlett Johansson']",1,1
410,7.9,Bonnie and Clyde,APPROVED,Biography,111,"[u'Warren Beatty', u'Faye Dunaway', u'Michael J. Pollard']",1,1
812,7.6,Star Trek: First Contact,PG-13,Action,111,"[u'Patrick Stewart', u'Jonathan Frakes', u'Brent Spiner']",1,1
198,8.1,Kill Bill: Vol. 1,R,Action,111,"[u'Uma Thurman', u'David Carradine', u'Daryl Hannah']",1,1
511,7.8,Rebel Without a Cause,PG-13,Drama,111,"[u'James Dean', u'Natalie Wood', u'Sal Mineo']",1,1
673,7.7,Blow-Up,NOT RATED,Drama,111,"[u'David Hemmings', u'Vanessa Redgrave', u'Sarah Miles']",1,1
701,7.6,United 93,R,Action,111,"[u'David Alan Basche', u'Olivia Thirlby', u'Liza Col\xf3n-Zayas']",1,1
795,7.6,Leaving Las Vegas,R,Drama,111,"[u'Nicolas Cage', u'Elisabeth Shue', u'Julian Sands']",1,1
401,7.9,The Killer,R,Action,111,"[u'Yun-Fat Chow', u'Danny Lee', u'Sally Yeh']",1,1
332,8.0,Ratatouille,G,Animation,111,"[u'Brad Garrett', u'Lou Romano', u'Patton Oswalt']",1,1
709,7.6,The Illusionist,PG-13,Drama,110,"[u'Edward Norton', u'Jessica Biel', u'Paul Giamatti']",1,1
549,7.8,Lucky Number Slevin,R,Crime,110,"[u'Josh Hartnett', u'Ben Kingsley', u'Morgan Freeman']",1,1
662,7.7,True Grit,PG-13,Adventure,110,"[u'Jeff Bridges', u'Matt Damon', u'Hailee Steinfeld']",1,1
850,7.5,American Graffiti,PG,Comedy,110,"[u'Richard Dreyfuss', u'Ron Howard', u'Paul Le Mat']",1,1
712,7.6,The Royal Tenenbaums,R,Comedy,110,"[u'Gene Hackman', u'Gwyneth Paltrow', u'Anjelica Huston']",1,1
576,7.8,Deliverance,R,Adventure,110,"[u'Jon Voight', u'Burt Reynolds', u'Ned Beatty']",1,1
722,7.6,Lethal Weapon,R,Action,110,"[u'Mel Gibson', u'Danny Glover', u'Gary Busey']",1,1
563,7.8,Goldfinger,APPROVED,Action,110,"[u'Sean Connery', u'Gert Fr\xf6be', u'Honor Blackman']",1,1
41,8.5,Sunset Blvd.,NOT RATED,Drama,110,"[u'William Holden', u'Gloria Swanson', u'Erich von Stroheim']",1,1
639,7.7,Billy Elliot,PG-13,Comedy,110,"[u'Jamie Bell', u'Julie Walters', u'Jean Heywood']",1,1
927,7.5,Brick,R,Crime,110,"[u'Joseph Gordon-Levitt', u'Lukas Haas', u'Emilie de Ravin']",1,1
878,7.5,Buffalo '66,R,Comedy,110,"[u'Vincent Gallo', u'Christina Ricci', u'Ben Gazzara']",1,1
28,8.6,Leon: The Professional,R,Crime,110,"[u'Jean Reno', u'Gary Oldman', u'Natalie Portman']",1,1
852,7.5,Gallipoli,PG,Adventure,110,"[u'Mel Gibson', u'Mark Lee', u'Bill Kerr']",1,1
96,8.4,Yojimbo,UNRATED,Action,110,"[u'Toshir\xf4 Mifune', u'Eijir\xf4 T\xf4no', u'Tatsuya Nakadai']",1,1
372,8.0,Before Midnight,R,Drama,109,"[u'Ethan Hawke', u'Julie Delpy', u'Seamus Davey-Fitzpatrick']",1,1
916,7.5,Up in the Air,R,Drama,109,"[u'George Clooney', u'Vera Farmiga', u'Anna Kendrick']",1,1
830,7.5,Green Street Hooligans,R,Crime,109,"[u'Elijah Wood', u'Charlie Hunnam', u'Claire Forlani']",1,1
969,7.4,Law Abiding Citizen,R,Crime,109,"[u'Gerard Butler', u'Jamie Foxx', u'Leslie Bibb']",1,1
438,7.9,Lilya 4-Ever,R,Crime,109,"[u'Oksana Akinshina', u'Artyom Bogucharskiy', u'Pavel Ponomaryov']",1,1
681,7.7,End of Watch,R,Crime,109,"[u'Jake Gyllenhaal', u'Michael Pe\xf1a', u'Anna Kendrick']",1,1
723,7.6,Animal House,R,Comedy,109,"[u'John Belushi', u'Karen Allen', u'Tom Hulce']",1,1
186,8.2,The Thing,R,Horror,109,"[u'Kurt Russell', u'Wilford Brimley', u'Keith David']",1,1
862,7.5,Malena,R,Drama,109,"[u'Monica Bellucci', u'Giuseppe Sulfaro', u'Luciano Federico']",1,1
406,7.9,The Wrestler,R,Drama,109,"[u'Mickey Rourke', u'Marisa Tomei', u'Evan Rachel Wood']",1,1
958,7.4,My Sister's Keeper,PG-13,Drama,109,"[u'Cameron Diaz', u'Abigail Breslin', u'Alec Baldwin']",1,1
329,8.0,In the Heat of the Night,APPROVED,Crime,109,"[u'Sidney Poitier', u'Rod Steiger', u'Warren Oates']",1,1
580,7.8,The King of Comedy,PG,Comedy,109,"[u'Robert De Niro', u'Jerry Lewis', u'Diahnne Abbott']",1,1
422,7.9,Children of Men,R,Drama,109,"[u'Julianne Moore', u'Clive Owen', u'Chiwetel Ejiofor']",1,1
772,7.6,Secondhand Lions,PG,Comedy,109,"[u'Haley Joel Osment', u'Michael Caine', u'Robert Duvall']",1,1
39,8.6,Psycho,R,Horror,109,"[u'Anthony Perkins', u'Janet Leigh', u'Vera Miles']",1,1
472,7.8,Guess Who's Coming to Dinner,UNRATED,Comedy,108,"[u'Spencer Tracy', u'Sidney Poitier', u'Katharine Hepburn']",1,1
350,8.0,Shadow of a Doubt,APPROVED,Thriller,108,"[u'Teresa Wright', u'Joseph Cotten', u'Macdonald Carey']",1,1
950,7.4,Bound,R,Crime,108,"[u'Jennifer Tilly', u'Gina Gershon', u'Joe Pantoliano']",1,1
122,8.3,On the Waterfront,NOT RATED,Crime,108,"[u'Marlon Brando', u'Karl Malden', u'Lee J. Cobb']",1,1
567,7.8,The Bourne Supremacy,PG-13,Action,108,"[u'Matt Damon', u'Franka Potente', u'Joan Allen']",1,1
440,7.9,The Boondock Saints,R,Action,108,"[u'Willem Dafoe', u'Sean Patrick Flanery', u'Norman Reedus']",1,1
757,7.6,Funny Games,UNRATED,Crime,108,"[u'Susanne Lothar', u'Ulrich M\xfche', u'Arno Frisch']",1,1
331,8.0,Black Swan,R,Drama,108,"[u'Natalie Portman', u'Mila Kunis', u'Vincent Cassel']",1,1
520,7.8,Back to the Future Part II,PG,Adventure,108,"[u'Michael J. Fox', u'Christopher Lloyd', u'Lea Thompson']",1,1
91,8.4,Eternal Sunshine of the Spotless Mind,R,Drama,108,"[u'Jim Carrey', u'Kate Winslet', u'Tom Wilkinson']",1,1
230,8.1,Cat on a Hot Tin Roof,APPROVED,Drama,108,"[u'Elizabeth Taylor', u'Paul Newman', u'Burl Ives']",1,1
765,7.6,Ip Man 2,R,Action,108,"[u'Donnie Yen', u'Xiaoming Huang', u'Sammo Kam-Bo Hung']",1,1
750,7.6,A Fish Called Wanda,R,Comedy,108,"[u'John Cleese', u'Jamie Lee Curtis', u'Kevin Kline']",1,1
215,8.1,La Strada,NOT RATED,Drama,108,"[u'Anthony Quinn', u'Giulietta Masina', u'Richard Basehart']",1,1
514,7.8,October Sky,PG,Biography,108,"[u'Jake Gyllenhaal', u'Chris Cooper', u'Laura Dern']",1,1
793,7.6,The Meaning of Life,R,Comedy,107,"[u'John Cleese', u'Terry Gilliam', u'Eric Idle']",1,1
470,7.8,Predator,R,Action,107,"[u'Arnold Schwarzenegger', u'Carl Weathers', u'Kevin Peter Hall']",1,1
151,8.2,"Lock, Stock and Two Smoking Barrels",R,Comedy,107,"[u'Jason Flemyng', u'Dexter Fletcher', u'Nick Moran']",1,1
483,7.8,Withnail & I,R,Comedy,107,"[u'Richard E. Grant', u'Paul McGann', u'Richard Griffiths']",1,1
33,8.6,Whiplash,R,Drama,107,"[u'Miles Teller', u'J.K. Simmons', u'Melissa Benoist']",1,1
496,7.8,Misery,R,Thriller,107,"[u'James Caan', u'Kathy Bates', u'Richard Farnsworth']",1,1
191,8.2,The Sixth Sense,PG-13,Drama,107,"[u'Bruce Willis', u'Haley Joel Osment', u'Toni Collette']",1,1
800,7.6,Field of Dreams,PG,Drama,107,"[u'Kevin Costner', u'James Earl Jones', u'Ray Liotta']",1,1
946,7.4,Far from Heaven,PG-13,Drama,107,"[u'Julianne Moore', u'Dennis Quaid', u'Dennis Haysbert']",1,1
462,7.9,Down by Law,R,Comedy,107,"[u'Tom Waits', u'John Lurie', u'Roberto Benigni']",1,1
382,8.0,In Bruges,R,Comedy,107,"[u'Colin Farrell', u'Brendan Gleeson', u'Ciar\xe1n Hinds']",1,1
281,8.1,The Terminator,R,Action,107,"[u'Arnold Schwarzenegger', u'Linda Hamilton', u'Michael Biehn']",1,1
123,8.3,The General,UNRATED,Action,107,"[u'Buster Keaton', u'Marion Mack', u'Glen Cavender']",1,1
970,7.4,Wonder Boys,R,Drama,107,"[u'Michael Douglas', u'Tobey Maguire', u'Frances McDormand']",1,1
79,8.4,Double Indemnity,PASSED,Crime,107,"[u'Fred MacMurray', u'Barbara Stanwyck', u'Edward G. Robinson']",1,1
815,7.6,Equilibrium,R,Action,107,"[u'Christian Bale', u'Sean Bean', u'Emily Watson']",1,1
915,7.5,Bad Education,NC-17,Crime,106,"[u'Gael Garc\xeda Bernal', u'Fele Mart\xednez', u'Javier C\xe1mara']",1,1
695,7.7,Y Tu Mama Tambien,R,Drama,106,"[u'Maribel Verd\xfa', u'Gael Garc\xeda Bernal', u'Daniel Gim\xe9nez Cacho']",1,1
866,7.5,To Catch a Thief,APPROVED,Mystery,106,"[u'Cary Grant', u'Grace Kelly', u'Jessie Royce Landis']",1,1
632,7.7,Boy A,R,Drama,106,"[u'Andrew Garfield', u'Peter Mullan', u'Shaun Evans']",1,1
868,7.5,Everything Is Illuminated,PG-13,Comedy,106,"[u'Elijah Wood', u'Eugene Hutz', u'Boris Leskin']",1,1
499,7.8,Gattaca,PG-13,Drama,106,"[u'Ethan Hawke', u'Uma Thurman', u'Jude Law']",1,1
235,8.1,Yip Man,R,Action,106,"[u'Donnie Yen', u'Simon Yam', u'Siu-Wong Fan']",1,1
522,7.8,"O Brother, Where Art Thou?",PG-13,Adventure,106,"[u'George Clooney', u'John Turturro', u'Tim Blake Nelson']",1,1
23,8.7,The Usual Suspects,R,Crime,106,"[u'Kevin Spacey', u'Gabriel Byrne', u'Chazz Palminteri']",1,1
887,7.5,The Devil's Backbone,R,Drama,106,"[u'Marisa Paredes', u'Eduardo Noriega', u'Federico Luppi']",1,1
899,7.5,In the Loop,NOT RATED,Comedy,106,"[u'Tom Hollander', u'Peter Capaldi', u'James Gandolfini']",1,1
547,7.8,Finding Neverland,PG,Biography,106,"[u'Johnny Depp', u'Kate Winslet', u'Julie Christie']",1,1
298,8.0,The Graduate,APPROVED,Comedy,106,"[u'Dustin Hoffman', u'Anne Bancroft', u'Katharine Ross']",1,1
280,8.1,Young Frankenstein,PG,Comedy,106,"[u'Gene Wilder', u'Madeline Kahn', u'Marty Feldman']",1,1
144,8.2,It Happened One Night,UNRATED,Comedy,105,"[u'Clark Gable', u'Claudette Colbert', u'Walter Connolly']",1,1
704,7.6,High Plains Drifter,R,Western,105,"[u'Clint Eastwood', u'Verna Bloom', u'Marianna Hill']",1,1
393,8.0,The African Queen,PG,Adventure,105,"[u'Humphrey Bogart', u'Katharine Hepburn', u'Robert Morley']",1,1
951,7.4,Sleepy Hollow,R,Drama,105,"[u'Johnny Depp', u'Christina Ricci', u'Miranda Richardson']",1,1
861,7.5,The Orphanage,R,Drama,105,"[u'Bel\xe9n Rueda', u'Fernando Cayo', u'Roger Pr\xedncep']",1,1
171,8.2,Dial M for Murder,PG,Crime,105,"[u'Ray Milland', u'Grace Kelly', u'Robert Cummings']",1,1
965,7.4,Limitless,PG-13,Mystery,105,"[u'Bradley Cooper', u'Anna Friel', u'Abbie Cornish']",1,1
242,8.1,The Celebration,R,Drama,105,"[u'Ulrich Thomsen', u'Henning Moritzen', u'Thomas Bo Larsen']",1,1
523,7.8,Repulsion,UNRATED,Drama,105,"[u'Catherine Deneuve', u'Ian Hendry', u'John Fraser']",1,1
379,8.0,Edward Scissorhands,PG-13,Drama,105,"[u'Johnny Depp', u'Winona Ryder', u'Dianne Wiest']",1,1
291,8.1,The Return,UNRATED,Drama,105,"[u'Vladimir Garin', u'Ivan Dobronravov', u'Konstantin Lavronenko']",1,1
516,7.8,Ghostbusters,PG,Comedy,105,"[u'Bill Murray', u'Dan Aykroyd', u'Sigourney Weaver']",1,1
507,7.8,In America,PG-13,Drama,105,"[u'Paddy Considine', u'Samantha Morton', u'Djimon Hounsou']",1,1
238,8.1,Before Sunrise,R,Drama,105,"[u'Ethan Hawke', u'Julie Delpy', u'Andrea Eckert']",1,1
787,7.6,Rise of the Planet of the Apes,PG-13,Action,105,"[u'James Franco', u'Andy Serkis', u'Freida Pinto']",1,1
575,7.8,Kramer vs. Kramer,APPROVED,Drama,105,"[u'Dustin Hoffman', u'Meryl Streep', u'Jane Alexander']",1,1
626,7.7,Shine,PG-13,Biography,105,"[u'Geoffrey Rush', u'Armin Mueller-Stahl', u'Justin Braine']",1,1
604,7.7,Mysterious Skin,NC-17,Drama,105,"[u'Brady Corbet', u'Joseph Gordon-Levitt', u'Elisabeth Shue']",1,1
502,7.8,The French Connection,R,Action,104,"[u'Gene Hackman', u'Roy Scheider', u'Fernando Rey']",1,1
653,7.7,Fearless,PG-13,Action,104,"[u'Jet Li', u'Li Sun', u'Yong Dong']",1,1
907,7.5,The Proposition,R,Crime,104,"[u'Ray Winstone', u'Guy Pearce', u'Emily Watson']",1,1
643,7.7,The Visitor,PG-13,Drama,104,"[u'Richard Jenkins', u'Haaz Sleiman', u'Danai Gurira']",1,1
956,7.4,Manhattan Murder Mystery,PG,Comedy,104,"[u'Woody Allen', u'Diane Keaton', u'Jerry Adler']",1,1
890,7.5,"The Adventures of Priscilla, Queen of the Desert",R,Comedy,104,"[u'Hugo Weaving', u'Guy Pearce', u'Terence Stamp']",1,1
926,7.5,Inside Llewyn Davis,R,Drama,104,"[u'Oscar Isaac', u'Carey Mulligan', u'John Goodman']",1,1
736,7.6,The Others,PG-13,Horror,104,"[u'Nicole Kidman', u'Christopher Eccleston', u'Fionnula Flanagan']",1,1
314,8.0,Crimes and Misdemeanors,PG-13,Comedy,104,"[u'Martin Landau', u'Woody Allen', u'Bill Bernstein']",1,1
859,7.5,Doubt,PG-13,Drama,104,"[u'Meryl Streep', u'Philip Seymour Hoffman', u'Amy Adams']",1,1
873,7.5,Felon,R,Crime,104,"[u'Stephen Dorff', u'Marisol Nichols', u'Vincent Miller']",1,1
954,7.4,X-Men,PG-13,Action,104,"[u'Patrick Stewart', u'Hugh Jackman', u'Ian McKellen']",1,1
771,7.6,Braindead,R,Comedy,104,"[u'Timothy Balme', u'Diana Pe\xf1alver', u'Elizabeth Moody']",1,1
265,8.1,Harvey,NOT RATED,Comedy,104,"[u'James Stewart', u'Josephine Hull', u'Peggy Dow']",1,1
669,7.7,Who Framed Roger Rabbit,PG,Animation,104,"[u'Bob Hoskins', u'Christopher Lloyd', u'Joanna Cassidy']",1,1
917,7.5,Begin Again,R,Drama,104,"[u'Keira Knightley', u'Mark Ruffalo', u'Adam Levine']",1,1
949,7.4,Home Alone,PG,Comedy,103,"[u'Macaulay Culkin', u'Joe Pesci', u'Daniel Stern']",1,1
459,7.9,Ferris Bueller's Day Off,PG-13,Comedy,103,"[u'Matthew Broderick', u'Alan Ruck', u'Mia Sara']",1,1
295,8.1,The Truman Show,PG,Drama,103,"[u'Jim Carrey', u'Ed Harris', u'Laura Linney']",1,1
450,7.9,My Left Foot,R,Biography,103,"[u'Daniel Day-Lewis', u'Brenda Fricker', u'Alison Whelan']",1,1
461,7.9,Kiki's Delivery Service,G,Animation,103,"[u'Kirsten Dunst', u'Minami Takayama', u'Rei Sakuma']",1,1
94,8.4,Singin' in the Rain,APPROVED,Comedy,103,"[u'Gene Kelly', u""Donald O'Connor"", u'Debbie Reynolds']",1,1
81,8.4,Toy Story 3,G,Animation,103,"[u'Tom Hanks', u'Tim Allen', u'Joan Cusack']",1,1
655,7.7,Saw,R,Horror,103,"[u'Cary Elwes', u'Leigh Whannell', u'Danny Glover']",1,1
675,7.7,Kiss Kiss Bang Bang,R,Action,103,"[u'Robert Downey Jr.', u'Val Kilmer', u'Michelle Monaghan']",1,1
370,8.0,Hannah and Her Sisters,PG-13,Comedy,103,"[u'Mia Farrow', u'Dianne Wiest', u'Michael Caine']",1,1
243,8.1,"Spring, Summer, Fall, Winter... and Spring",R,Drama,103,"[u'Ki-duk Kim', u'Yeong-su Oh', u'Jong-ho Kim']",1,1
960,7.4,The Way Way Back,PG-13,Comedy,103,"[u'Steve Carell', u'Toni Collette', u'Allison Janney']",1,1
911,7.5,Transamerica,R,Adventure,103,"[u'Felicity Huffman', u'Kevin Zegers', u'Fionnula Flanagan']",1,1
729,7.6,The Crow,R,Action,102,"[u'Brandon Lee', u'Michael Wincott', u'Rochelle Davis']",1,1
832,7.5,RoboCop,R,Action,102,"[u'Peter Weller', u'Nancy Allen', u""Dan O'Herlihy""]",1,1
32,8.6,Casablanca,PG,Drama,102,"[u'Humphrey Bogart', u'Ingrid Bergman', u'Paul Henreid']",1,1
515,7.8,Dirty Harry,R,Action,102,"[u'Clint Eastwood', u'Andrew Robinson', u'Harry Guardino']",1,1
752,7.6,Garden State,R,Comedy,102,"[u'Zach Braff', u'Peter Sarsgaard', u'Natalie Portman']",1,1
395,7.9,Big Hero 6,PG,Animation,102,"[u'Ryan Potter', u'Scott Adsit', u'Jamie Chung']",1,1
610,7.7,Enter the Dragon,R,Action,102,"[u'Bruce Lee', u'John Saxon', u'Jim Kelly']",1,1
664,7.7,Frozen,PG,Animation,102,"[u'Kristen Bell', u'Idina Menzel', u'Jonathan Groff']",1,1
285,8.1,Bringing Up Baby,APPROVED,Comedy,102,"[u'Katharine Hepburn', u'Cary Grant', u'Charles Ruggles']",1,1
224,8.1,The Wizard of Oz,PASSED,Adventure,102,"[u'Judy Garland', u'Frank Morgan', u'Ray Bolger']",1,1
650,7.7,Dazed and Confused,R,Comedy,102,"[u'Jason London', u'Wiley Wiggins', u'Matthew McConaughey']",1,1
106,8.3,Snatch.,R,Comedy,102,"[u'Jason Statham', u'Brad Pitt', u'Benicio Del Toro']",1,1
84,8.4,Requiem for a Dream,R,Drama,102,"[u'Ellen Burstyn', u'Jared Leto', u'Jennifer Connelly']",1,1
717,7.6,The Legend of Drunken Master,R,Action,102,"[u'Jackie Chan', u'Ho-Sung Pak', u'Lung Ti']",1,1
381,8.0,How to Train Your Dragon 2,PG,Animation,102,"[u'Jay Baruchel', u'Cate Blanchett', u'Gerard Butler']",1,1
279,8.1,The Perks of Being a Wallflower,PG-13,Drama,102,"[u'Logan Lerman', u'Emma Watson', u'Ezra Miller']",1,1
897,7.5,Calvary,R,Drama,102,"[u'Brendan Gleeson', u""Chris O'Dowd"", u'Kelly Reilly']",1,1
953,7.4,The NeverEnding Story,PG,Adventure,102,"[u'Noah Hathaway', u'Barret Oliver', u'Tami Stronach']",1,1
327,8.0,The Adventures of Robin Hood,PG,Action,102,"[u'Errol Flynn', u'Olivia de Havilland', u'Basil Rathbone']",1,1
732,7.6,American Psycho,R,Crime,102,"[u'Christian Bale', u'Justin Theroux', u'Josh Lucas']",1,1
874,7.5,Still Alice,PG-13,Drama,101,"[u'Julianne Moore', u'Alec Baldwin', u'Kristen Stewart']",1,1
521,7.8,Belle de Jour,APPROVED,Drama,101,"[u'Catherine Deneuve', u'Jean Sorel', u'Michel Piccoli']",1,1
680,7.7,Whale Rider,PG-13,Drama,101,"[u'Keisha Castle-Hughes', u'Rawiri Paratene', u'Vicky Haughton']",1,1
543,7.8,Lost in Translation,R,Drama,101,"[u'Bill Murray', u'Scarlett Johansson', u'Giovanni Ribisi']",1,1
200,8.1,Le Samourai,PG,Crime,101,"[u'Alain Delon', u'Nathalie Delon', u'Fran\xe7ois P\xe9rier']",1,1
565,7.8,The Sandlot,PG,Comedy,101,"[u'Tom Guiry', u'Mike Vitar', u'Patrick Renna']",1,1
855,7.5,Maria Full of Grace,R,Crime,101,"[u'Catalina Sandino Moreno', u'Guilied Lopez', u'Orlando Tob\xf3n']",1,1
937,7.4,Labyrinth,PG,Adventure,101,"[u'David Bowie', u'Jennifer Connelly', u'Toby Froud']",1,1
275,8.1,Groundhog Day,PG,Comedy,101,"[u'Bill Murray', u'Andie MacDowell', u'Chris Elliott']",1,1
652,7.7,This Is England,UNRATED,Crime,101,"[u'Thomas Turgoose', u'Stephen Graham', u'Jo Hartley']",1,1
589,7.7,The Machinist,R,Drama,101,"[u'Christian Bale', u'Jennifer Jason Leigh', u'Aitana S\xe1nchez-Gij\xf3n']",1,1
237,8.1,Notorious,APPROVED,Drama,101,"[u'Cary Grant', u'Ingrid Bergman', u'Claude Rains']",1,1
518,7.8,Wreck-It Ralph,PG,Animation,101,"[u'John C. Reilly', u'Jack McBrayer', u'Jane Lynch']",1,1
212,8.1,Infernal Affairs,R,Crime,101,"[u'Andy Lau', u'Tony Chiu Wai Leung', u'Anthony Chau-Sang Wong']",1,1
625,7.7,Ponyo,G,Animation,101,"[u'Cate Blanchett', u'Matt Damon', u'Liam Neeson']",1,1
840,7.5,American Splendor,R,Biography,101,"[u'Paul Giamatti', u'Shari Springer Berman', u'Harvey Pekar']",1,1
229,8.1,Strangers on a Train,APPROVED,Crime,101,"[u'Farley Granger', u'Robert Walker', u'Ruth Roman']",1,1
740,7.6,The Raid: Redemption,R,Action,101,"[u'Iko Uwais', u'Ananda George', u'Ray Sahetapy']",1,1
416,7.9,All About My Mother,R,Drama,101,"[u'Cecilia Roth', u'Marisa Paredes', u'Candela Pe\xf1a']",1,1
454,7.9,Little Miss Sunshine,R,Adventure,101,"[u'Steve Carell', u'Toni Collette', u'Greg Kinnear']",1,1
799,7.6,Hodejegerne,R,Crime,100,"[u'Aksel Hennie', u'Synn\xf8ve Macody Lund', u'Nikolaj Coster-Waldau']",1,1
666,7.7,Eastern Promises,R,Crime,100,"[u'Naomi Watts', u'Viggo Mortensen', u'Armin Mueller-Stahl']",1,1
494,7.8,The Lego Movie,PG,Animation,100,"[u'Chris Pratt', u'Will Ferrell', u'Elizabeth Banks']",1,1
412,7.9,Key Largo,UNRATED,Crime,100,"[u'Humphrey Bogart', u'Edward G. Robinson', u'Lauren Bacall']",1,1
492,7.8,Drive,R,Crime,100,"[u'Ryan Gosling', u'Carey Mulligan', u'Bryan Cranston']",1,1
657,7.7,Coraline,PG,Animation,100,"[u'Dakota Fanning', u'Teri Hatcher', u'John Hodgman']",1,1
597,7.7,50/50,R,Comedy,100,"[u'Joseph Gordon-Levitt', u'Seth Rogen', u'Anna Kendrick']",1,1
583,7.8,Dark City,R,Mystery,100,"[u'Rufus Sewell', u'Kiefer Sutherland', u'Jennifer Connelly']",1,1
192,8.2,Finding Nemo,G,Animation,100,"[u'Albert Brooks', u'Ellen DeGeneres', u'Alexander Gould']",1,1
376,8.0,King Kong,UNRATED,Adventure,100,"[u'Fay Wray', u'Robert Armstrong', u'Bruce Cabot']",1,1
463,7.9,Glengarry Glen Ross,R,Drama,100,"[u'Al Pacino', u'Jack Lemmon', u'Alec Baldwin']",1,1
519,7.8,The Hangover,R,Comedy,100,"[u'Zach Galifianakis', u'Bradley Cooper', u'Justin Bartha']",1,1
169,8.2,The Maltese Falcon,NOT RATED,Crime,100,"[u'Humphrey Bogart', u'Mary Astor', u'Gladys George']",1,1
497,7.8,Willy Wonka & the Chocolate Factory,G,Family,100,"[u'Gene Wilder', u'Jack Albertson', u'Peter Ostrum']",1,1
929,7.5,Say Anything...,PG-13,Comedy,100,"[u'John Cusack', u'Ione Skye', u'John Mahoney']",1,1
356,8.0,The Artist,PG-13,Comedy,100,"[u'Jean Dujardin', u'B\xe9r\xe9nice Bejo', u'John Goodman']",1,1
471,7.8,Tangled,PG,Animation,100,"[u'Mandy Moore', u'Zachary Levi', u'Donna Murphy']",1,1
552,7.8,Kung Fu Hustle,R,Action,99,"[u'Stephen Chow', u'Wah Yuen', u'Qiu Yuen']",1,1
276,8.1,A Fistful of Dollars,R,Action,99,"[u'Clint Eastwood', u'Gian Maria Volont\xe9', u'Marianne Koch']",1,1
247,8.1,Three Colors: Red,R,Drama,99,"[u'Ir\xe8ne Jacob', u'Jean-Louis Trintignant', u'Fr\xe9d\xe9rique Feder']",1,1
599,7.7,Delicatessen,R,Comedy,99,"[u'Marie-Laure Dougnac', u'Dominique Pinon', u'Pascal Benezech']",1,1
903,7.5,Heavenly Creatures,R,Biography,99,"[u'Melanie Lynskey', u'Kate Winslet', u'Sarah Peirse']",1,1
651,7.7,Blood Simple.,R,Crime,99,"[u'John Getz', u'Frances McDormand', u'Dan Hedaya']",1,1
214,8.1,The Grand Budapest Hotel,R,Adventure,99,"[u'Ralph Fiennes', u'F. Murray Abraham', u'Mathieu Amalric']",1,1
962,7.4,Driving Miss Daisy,PG,Comedy,99,"[u'Morgan Freeman', u'Jessica Tandy', u'Dan Aykroyd']",1,1
352,8.0,Shaun of the Dead,R,Comedy,99,"[u'Simon Pegg', u'Nick Frost', u'Kate Ashfield']",1,1
403,7.9,Ying xiong,PG-13,Action,99,"[u'Jet Li', u'Tony Chiu Wai Leung', u'Maggie Cheung']",1,1
178,8.2,The 400 Blows,NOT RATED,Crime,99,"[u'Jean-Pierre L\xe9aud', u'Albert R\xe9my', u'Claire Maurier']",1,1
90,8.4,Reservoir Dogs,R,Crime,99,"[u'Harvey Keitel', u'Tim Roth', u'Michael Madsen']",1,1
63,8.4,M,NOT RATED,Crime,99,"[u'Peter Lorre', u'Ellen Widmann', u'Inge Landgut']",1,1
774,7.6,A Single Man,R,Drama,99,"[u'Colin Firth', u'Julianne Moore', u'Matthew Goode']",1,1
737,7.6,The Party,PG,Comedy,99,"[u'Peter Sellers', u'Claudine Longet', u'Natalia Borisova']",1,1
957,7.4,National Lampoon's Vacation,R,Comedy,98,"[u'Chevy Chase', u""Beverly D'Angelo"", u'Imogene Coca']",1,1
453,7.9,Toki o kakeru shojo,NOT RATED,Animation,98,"[u'Riisa Naka', u'Takuya Ishida', u'Mitsutaka Itakura']",1,1
835,7.5,Despicable Me 2,PG,Animation,98,"[u'Steve Carell', u'Kristen Wiig', u'Benjamin Bratt']",1,1
345,8.0,No Man's Land,R,Drama,98,"[u'Branko Djuric', u'Rene Bitorajac', u'Filip Sovagovic']",1,1
811,7.6,The Damned United,R,Biography,98,"[u'Colm Meaney', u'Henry Goodman', u'David Roper']",1,1
363,8.0,Three Colors: Blue,R,Drama,98,"[u'Juliette Binoche', u'Zbigniew Zamachowski', u'Julie Delpy']",1,1
747,7.6,The Counterfeiters,R,Crime,98,"[u'Karl Markovics', u'August Diehl', u'Devid Striesow']",1,1
592,7.7,Detachment,NOT RATED,Drama,98,"[u'Adrien Brody', u'Christina Hendricks', u'Marcia Gay Harden']",1,1
682,7.7,Philomena,PG-13,Biography,98,"[u'Judi Dench', u'Steve Coogan', u'Sophie Kennedy Clark']",1,1
160,8.2,How to Train Your Dragon,PG,Animation,98,"[u'Jay Baruchel', u'Gerard Butler', u'Christopher Mintz-Plasse']",1,1
64,8.4,WALL-E,G,Animation,98,"[u'Ben Burtt', u'Elissa Knight', u'Jeff Garlin']",1,1
250,8.1,In the Mood for Love,PG,Drama,98,"[u'Tony Chiu Wai Leung', u'Maggie Cheung', u'Ping Lam Siu']",1,1
234,8.1,La Haine,NOT RATED,Crime,98,"[u'Vincent Cassel', u'Hubert Kound\xe9', u'Sa\xefd Taghmaoui']",1,1
176,8.2,Fargo,R,Crime,98,"[u'William H. Macy', u'Frances McDormand', u'Steve Buscemi']",1,1
232,8.1,Chungking Express,PG-13,Drama,98,"[u'Brigitte Lin', u'Takeshi Kaneshiro', u'Tony Chiu Wai Leung']",1,1
179,8.2,The Princess Bride,PG,Adventure,98,"[u'Cary Elwes', u'Mandy Patinkin', u'Robin Wright']",1,1
619,7.7,Forbidden Planet,PASSED,Action,98,"[u'Walter Pidgeon', u'Anne Francis', u'Leslie Nielsen']",1,1
839,7.5,Bullets Over Broadway,R,Comedy,98,"[u'John Cusack', u'Dianne Wiest', u'Jennifer Tilly']",1,1
837,7.5,Menace II Society,R,Crime,97,"[u'Tyrin Turner', u'Larenz Tate', u'June Kyoto Lu']",1,1
371,8.0,Moon,R,Drama,97,"[u'Sam Rockwell', u'Kevin Spacey', u'Dominique McElligott']",1,1
781,7.6,An American Werewolf in London,R,Comedy,97,"[u'David Naughton', u'Jenny Agutter', u'Joe Belcher']",1,1
399,7.9,The Breakfast Club,R,Comedy,97,"[u'Emilio Estevez', u'Judd Nelson', u'Molly Ringwald']",1,1
928,7.5,Clerks II,R,Comedy,97,"[u""Brian O'Halloran"", u'Jeff Anderson', u'Rosario Dawson']",1,1
821,7.6,Christmas Vacation,PG-13,Comedy,97,"[u'Chevy Chase', u""Beverly D'Angelo"", u'Juliette Lewis']",1,1
663,7.7,After Hours,R,Comedy,97,"[u'Griffin Dunne', u'Rosanna Arquette', u'Verna Bloom']",1,1
439,7.9,The Chorus,PG-13,Drama,97,"[u'G\xe9rard Jugnot', u'Fran\xe7ois Berl\xe9and', u'Jean-Baptiste Maunier']",1,1
943,7.4,The Bucket List,PG-13,Adventure,97,"[u'Jack Nicholson', u'Morgan Freeman', u'Sean Hayes']",1,1
939,7.4,Predestination,R,Drama,97,"[u'Ethan Hawke', u'Sarah Snook', u'Noah Taylor']",1,1
959,7.4,Deconstructing Harry,R,Comedy,96,"[u'Woody Allen', u'Judy Davis', u'Julia Louis-Dreyfus']",1,1
860,7.5,The Fly,R,Horror,96,"[u'Jeff Goldblum', u'Geena Davis', u'John Getz']",1,1
5,8.9,12 Angry Men,NOT RATED,Drama,96,"[u'Henry Fonda', u'Lee J. Cobb', u'Martin Balsam']",1,1
883,7.5,A History of Violence,R,Crime,96,"[u'Viggo Mortensen', u'Maria Bello', u'Ed Harris']",1,1
353,8.0,Night of the Living Dead,UNRATED,Horror,96,"[u'Duane Jones', u""Judith O'Dea"", u'Karl Hardman']",1,1
763,7.6,Hunger,NOT RATED,Biography,96,"[u'Stuart Graham', u'Laine Megaw', u'Brian Milligan']",1,1
358,8.0,The Lady Vanishes,PASSED,Comedy,96,"[u'Margaret Lockwood', u'Michael Redgrave', u'Paul Lukas']",1,1
806,7.6,Juno,PG-13,Comedy,96,"[u'Ellen Page', u'Michael Cera', u'Jennifer Garner']",1,1
334,8.0,Short Term 12,R,Drama,96,"[u'Brie Larson', u'Frantz Turner', u'John Gallagher Jr.']",1,1
719,7.6,When Harry Met Sally...,R,Comedy,96,"[u'Billy Crystal', u'Meg Ryan', u'Carrie Fisher']",1,1
134,8.3,The Seventh Seal,NOT RATED,Drama,96,"[u'Max von Sydow', u'Gunnar Bj\xf6rnstrand', u'Bengt Ekerot']",1,1
451,7.9,Miracle on 34th Street,APPROVED,Comedy,96,"[u'Edmund Gwenn', u""Maureen O'Hara"", u'John Payne']",1,1
419,7.9,Stagecoach,NOT RATED,Adventure,96,"[u'John Wayne', u'Claire Trevor', u'Andy Devine']",1,1
305,8.0,Persepolis,PG-13,Animation,96,"[u'Chiara Mastroianni', u'Catherine Deneuve', u'Gena Rowlands']",1,1
319,8.0,Manhattan,R,Comedy,96,"[u'Woody Allen', u'Diane Keaton', u'Mariel Hemingway']",1,1
126,8.3,Up,PG,Animation,96,"[u'Edward Asner', u'Jordan Nagai', u'John Ratzenberger']",1,1
308,8.0,Pink Floyd The Wall,R,Animation,95,"[u'Bob Geldof', u'Christine Hargreaves', u'James Laurenson']",1,1
542,7.8,(500) Days of Summer,PG-13,Comedy,95,"[u'Zooey Deschanel', u'Joseph Gordon-Levitt', u'Geoffrey Arend']",1,1
175,8.2,Touch of Evil,PG-13,Crime,95,"[u'Charlton Heston', u'Orson Welles', u'Janet Leigh']",1,1
715,7.6,Man Bites Dog,NC-17,Comedy,95,"[u'Beno\xeet Poelvoorde', u'Jacqueline Poelvoorde-Pappaert', u'Nelly Pappaert']",1,1
128,8.3,The Gold Rush,NOT RATED,Adventure,95,"[u'Charles Chaplin', u'Mack Swain', u'Tom Murray']",1,1
48,8.5,Dr. Strangelove or: How I Learned to Stop Worrying and Love the Bomb,PG,Comedy,95,"[u'Peter Sellers', u'George C. Scott', u'Sterling Hayden']",1,1
617,7.7,Despicable Me,PG,Animation,95,"[u'Steve Carell', u'Jason Segel', u'Russell Brand']",1,1
425,7.9,Badlands,PG,Crime,94,"[u'Martin Sheen', u'Sissy Spacek', u'Warren Oates']",1,1
266,8.1,A Christmas Story,PG,Comedy,94,"[u'Peter Billingsley', u'Melinda Dillon', u'Darren McGavin']",1,1
510,7.8,Moonrise Kingdom,PG-13,Adventure,94,"[u'Jared Gilman', u'Kara Hayward', u'Bruce Willis']",1,1
503,7.8,The Boy in the Striped Pajamas,PG-13,Drama,94,"[u'Asa Butterfield', u'David Thewlis', u'Rupert Friend']",1,1
501,7.8,Porco Rosso,PG,Animation,94,"[u'Sh\xfbichir\xf4 Moriyama', u'Tokiko Kat\xf4', u'Sanshi Katsura']",1,1
347,8.0,Days of Heaven,PG,Drama,94,"[u'Richard Gere', u'Brooke Adams', u'Sam Shepard']",1,1
667,7.7,Midnight in Paris,PG-13,Comedy,94,"[u'Owen Wilson', u'Rachel McAdams', u'Kathy Bates']",1,1
674,7.7,The Secret World of Arrietty,G,Animation,94,"[u'Bridgit Mendler', u'Amy Poehler', u'Will Arnett']",1,1
698,7.6,127 Hours,R,Adventure,94,"[u'James Franco', u'Amber Tamblyn', u'Kate Mara']",1,1
172,8.2,Trainspotting,R,Drama,94,"[u'Ewan McGregor', u'Ewen Bremner', u'Jonny Lee Miller']",1,1
942,7.4,Raising Arizona,PG-13,Comedy,94,"[u'Nicolas Cage', u'Holly Hunter', u'Trey Wilson']",1,1
465,7.9,Adam's Apples,R,Comedy,94,"[u'Ulrich Thomsen', u'Mads Mikkelsen', u'Nicolas Bro']",1,1
744,7.6,Mad Max 2: The Road Warrior,R,Action,94,"[u'Mel Gibson', u'Bruce Spence', u'Michael Preston']",1,1
190,8.2,Life of Brian,R,Comedy,94,"[u'Graham Chapman', u'John Cleese', u'Michael Palin']",1,1
685,7.7,First Blood,R,Action,93,"[u'Sylvester Stallone', u'Brian Dennehy', u'Richard Crenna']",1,1
894,7.5,Source Code,PG-13,Mystery,93,"[u'Jake Gyllenhaal', u'Michelle Monaghan', u'Vera Farmiga']",1,1
588,7.7,Rushmore,R,Comedy,93,"[u'Jason Schwartzman', u'Bill Murray', u'Olivia Williams']",1,1
593,7.7,Love Me If You Dare,R,Comedy,93,"[u'Guillaume Canet', u'Marion Cotillard', u'Thibault Verhaeghe']",1,1
545,7.8,Blazing Saddles,R,Comedy,93,"[u'Cleavon Little', u'Gene Wilder', u'Slim Pickens']",1,1
87,8.4,Bicycle Thieves,NOT RATED,Drama,93,"[u'Lamberto Maggiorani', u'Enzo Staiola', u'Lianella Carell']",1,1
168,8.2,Hachi: A Dog's Tale,G,Drama,93,"[u'Richard Gere', u'Joan Allen', u'Cary-Hiroyuki Tagawa']",1,1
328,8.0,"Aguirre, the Wrath of God",NOT RATED,Adventure,93,"[u'Klaus Kinski', u'Ruy Guerra', u'Helena Rojo']",1,1
822,7.5,"Good Night, and Good Luck.",PG,Drama,93,"[u'David Strathairn', u'George Clooney', u'Patricia Clarkson']",1,1
805,7.6,Keith,PG-13,Drama,93,"[u'Elisabeth Harnois', u'Jesse McCartney', u'Margo Harshman']",1,1
798,7.6,"Planes, Trains & Automobiles",R,Comedy,93,"[u'Steve Martin', u'John Candy', u'Laila Robins']",1,1
105,8.3,The Third Man,NOT RATED,Film-Noir,93,"[u'Orson Welles', u'Joseph Cotten', u'Alida Valli']",1,1
455,7.9,Taken,PG-13,Action,93,"[u'Liam Neeson', u'Maggie Grace', u'Famke Janssen']",1,1
208,8.1,Annie Hall,PG,Comedy,93,"[u'Woody Allen', u'Diane Keaton', u'Tony Roberts']",1,1
464,7.9,Clerks,R,Comedy,92,"[u""Brian O'Halloran"", u'Jeff Anderson', u'Marilyn Ghigliotti']",1,1
925,7.5,Notes on a Scandal,R,Drama,92,"[u'Cate Blanchett', u'Judi Dench', u'Andrew Simpson']",1,1
913,7.5,Suspiria,X,Horror,92,"[u'Jessica Harper', u'Stefania Casini', u'Flavio Bucci']",1,1
414,7.9,Toy Story 2,G,Animation,92,"[u'Tom Hanks', u'Tim Allen', u'Joan Cusack']",1,1
484,7.8,The Day the Earth Stood Still,APPROVED,Sci-Fi,92,"[u'Michael Rennie', u'Patricia Neal', u'Hugh Marlowe']",1,1
633,7.7,The Warriors,R,Action,92,"[u'Michael Beck', u'James Remar', u'Dorsey Wright']",1,1
933,7.4,Beetlejuice,PG,Comedy,92,"[u'Alec Baldwin', u'Geena Davis', u'Michael Keaton']",1,1
277,8.1,"Monsters, Inc.",G,Animation,92,"[u'Billy Crystal', u'John Goodman', u'Mary Gibbs']",1,1
287,8.1,His Girl Friday,APPROVED,Comedy,92,"[u'Cary Grant', u'Rosalind Russell', u'Ralph Bellamy']",1,1
233,8.1,The Night of the Hunter,APPROVED,Crime,92,"[u'Robert Mitchum', u'Shelley Winters', u'Lillian Gish']",1,1
167,8.2,Mary and Max,NOT RATED,Animation,92,"[u'Toni Collette', u'Philip Seymour Hoffman', u'Eric Bana']",1,1
714,7.6,Thank You for Smoking,R,Comedy,92,"[u'Aaron Eckhart', u'Cameron Bright', u'Maria Bello']",1,1
743,7.6,Kung Fu Panda,PG,Animation,92,"[u'Jack Black', u'Ian McShane', u'Angelina Jolie']",1,1
101,8.3,Monty Python and the Holy Grail,PG,Adventure,91,"[u'Graham Chapman', u'John Cleese', u'Eric Idle']",1,1
282,8.1,Harold and Maude,GP,Comedy,91,"[u'Ruth Gordon', u'Bud Cort', u'Vivian Pickles']",1,1
646,7.7,Three Colors: White,R,Comedy,91,"[u'Zbigniew Zamachowski', u'Julie Delpy', u'Janusz Gajos']",1,1
408,7.9,Gravity,PG-13,Sci-Fi,91,"[u'Sandra Bullock', u'George Clooney', u'Ed Harris']",1,1
869,7.5,A Nightmare on Elm Street,R,Horror,91,"[u'Heather Langenkamp', u'Johnny Depp', u'Robert Englund']",1,1
127,8.3,Wild Strawberries,UNRATED,Drama,91,"[u'Victor Sj\xf6str\xf6m', u'Bibi Andersson', u'Ingrid Thulin']",1,1
449,7.9,Halloween,R,Drama,91,"[u'Donald Pleasence', u'Jamie Lee Curtis', u'Tony Moran']",1,1
607,7.7,Paprika,R,Animation,90,"[u'Megumi Hayashibara', u'T\xf4ru Emori', u'Katsunosuke Hori']",1,1
357,8.0,Aladdin,G,Animation,90,"[u'Scott Weinger', u'Robin Williams', u'Linda Larkin']",1,1
867,7.5,Best in Show,PG-13,Comedy,90,"[u'Fred Willard', u'Eugene Levy', u""Catherine O'Hara""]",1,1
971,7.4,Death at a Funeral,R,Comedy,90,"[u'Matthew Macfadyen', u'Peter Dinklage', u'Ewen Bremner']",1,1
384,8.0,Breathless,UNRATED,Crime,90,"[u'Jean-Paul Belmondo', u'Jean Seberg', u'Daniel Boulanger']",1,1
443,7.9,Shrek,PG,Animation,90,"[u'Mike Myers', u'Eddie Murphy', u'Cameron Diaz']",1,1
590,7.7,Flipped,PG,Comedy,90,"[u'Madeline Carroll', u'Callan McAuliffe', u'Rebecca De Mornay']",1,1
480,7.8,Office Space,R,Comedy,89,"[u'Ron Livingston', u'Jennifer Aniston', u'David Herman']",1,1
55,8.5,The Lion King,G,Animation,89,"[u'Matthew Broderick', u'Jeremy Irons', u'James Earl Jones']",1,1
61,8.5,Grave of the Fireflies,UNRATED,Animation,89,"[u'Tsutomu Tatsumi', u'Ayano Shiraishi', u'Akemi Yamaguchi']",1,1
947,7.4,Eraserhead,UNRATED,Drama,89,"[u'Jack Nance', u'Charlotte Stewart', u'Allen Joseph']",1,1
783,7.6,Tucker and Dale vs. Evil,R,Comedy,89,"[u'Tyler Labine', u'Alan Tudyk', u'Katrina Bowden']",1,1
206,8.1,Stand by Me,R,Adventure,89,"[u'Wil Wheaton', u'River Phoenix', u'Corey Feldman']",1,1
631,7.7,Show Me Love,UNRATED,Comedy,89,"[u'Alexandra Dahlstr\xf6m', u'Rebecka Liljeberg', u'Erica Carlson']",1,1
614,7.7,The Station Agent,R,Comedy,89,"[u'Peter Dinklage', u'Patricia Clarkson', u'Bobby Cannavale']",1,1
58,8.5,Paths of Glory,APPROVED,Drama,88,"[u'Kirk Douglas', u'Ralph Meeker', u'Adolphe Menjou']",1,1
98,8.4,Rashomon,UNRATED,Crime,88,"[u'Toshir\xf4 Mifune', u'Machiko Ky\xf4', u'Masayuki Mori']",1,1
844,7.5,Pinocchio,APPROVED,Animation,88,"[u'Dickie Jones', u'Christian Rub', u'Mel Blanc']",1,1
656,7.7,Snow White and the Seven Dwarfs,APPROVED,Animation,88,"[u'Adriana Caselotti', u'Harry Stockwell', u'Lucille La Verne']",1,1
210,8.1,Laura,APPROVED,Film-Noir,88,"[u'Gene Tierney', u'Dana Andrews', u'Clifton Webb']",1,1
641,7.7,The Producers,PG,Comedy,88,"[u'Zero Mostel', u'Gene Wilder', u'Dick Shawn']",1,1
225,8.1,3-Iron,R,Crime,88,"[u'Seung-yeon Lee', u'Hyun-kyoon Lee', u'Hyuk-ho Kwon']",1,1
688,7.7,The Wicker Man,R,Horror,88,"[u'Edward Woodward', u'Christopher Lee', u'Diane Cilento']",1,1
615,7.7,Zombieland,R,Comedy,88,"[u'Jesse Eisenberg', u'Emma Stone', u'Woody Harrelson']",1,1
882,7.5,Mulan,G,Animation,88,"[u'Ming-Na Wen', u'Eddie Murphy', u'BD Wong']",1,1
524,7.8,Airplane!,PG,Comedy,88,"[u'Robert Hays', u'Julie Hagerty', u'Leslie Nielsen']",1,1
512,7.8,Fantastic Mr. Fox,PG,Animation,87,"[u'George Clooney', u'Meryl Streep', u'Bill Murray']",1,1
966,7.4,The Simpsons Movie,PG-13,Animation,87,"[u'Dan Castellaneta', u'Julie Kavner', u'Nancy Cartwright']",1,1
612,7.7,A Hard Day's Night,APPROVED,Comedy,87,"[u'John Lennon', u'Paul McCartney', u'George Harrison']",1,1
35,8.6,Modern Times,G,Comedy,87,"[u'Charles Chaplin', u'Paulette Goddard', u'Henry Bergman']",1,1
29,8.6,City Lights,PASSED,Comedy,87,"[u'Charles Chaplin', u'Virginia Cherrill', u'Florence Lee']",1,1
467,7.9,The 39 Steps,UNRATED,Mystery,86,"[u'Robert Donat', u'Madeleine Carroll', u'Lucie Mannheim']",1,1
386,8.0,The Iron Giant,PG,Animation,86,"[u'Eli Marienthal', u'Harry Connick Jr.', u'Jennifer Aniston']",1,1
131,8.3,My Neighbor Totoro,G,Animation,86,"[u'Hitoshi Takagi', u'Noriko Hidaka', u'Chika Sakamoto']",1,1
948,7.4,Frances Ha,R,Comedy,86,"[u'Greta Gerwig', u'Mickey Sumner', u'Adam Driver']",1,1
892,7.5,Fruitvale Station,R,Biography,85,"[u'Michael B. Jordan', u'Melonie Diaz', u'Octavia Spencer']",1,1
796,7.6,The Evil Dead,NC-17,Horror,85,"[u'Bruce Campbell', u'Ellen Sandweiss', u'Richard DeManincor']",1,1
668,7.7,The Muppet Christmas Carol,G,Comedy,85,"[u'Michael Caine', u'Dave Goelz', u'Steve Whitmire']",1,1
820,7.6,The Curse of the Were-Rabbit,G,Animation,85,"[u'Peter Sallis', u'Helena Bonham Carter', u'Ralph Fiennes']",1,1
402,7.9,Once,R,Drama,85,"[u'Glen Hansard', u'Mark\xe9ta Irglov\xe1', u'Hugh Walsh']",1,1
703,7.6,Dracula,APPROVED,Horror,85,"[u'Bela Lugosi', u'Helen Chandler', u'David Manners']",1,1
272,8.1,The Killing,APPROVED,Crime,85,"[u'Sterling Hayden', u'Coleen Gray', u'Vince Edwards']",1,1
236,8.1,High Noon,PG,Western,85,"[u'Gary Cooper', u'Grace Kelly', u'Thomas Mitchell']",1,1
735,7.6,The Naked Gun: From the Files of Police Squad!,PG-13,Comedy,85,"[u'Leslie Nielsen', u'Priscilla Presley', u'O.J. Simpson']",1,1
294,8.1,Beauty and the Beast,G,Animation,84,"[u""Paige O'Hara"", u'Robby Benson', u'Richard White']",1,1
486,7.8,Evil Dead II,X,Comedy,84,"[u'Bruce Campbell', u'Sarah Berry', u'Dan Hicks']",1,1
886,7.5,Pi,R,Drama,84,"[u'Sean Gullette', u'Mark Margolis', u'Ben Shenkman']",1,1
174,8.2,Persona,NOT RATED,Drama,83,"[u'Bibi Andersson', u'Liv Ullmann', u'Margaretha Krook']",1,1
343,8.0,Ghost in the Shell,NOT RATED,Animation,83,"[u'Atsuko Tanaka', u'Iemasa Kayumi', u'Akio \xd4tsuka']",1,1
766,7.6,The Little Mermaid,G,Animation,83,"[u'Jodi Benson', u'Samuel E. Wright', u'Rene Auberjonois']",1,1
881,7.5,The Texas Chain Saw Massacre,R,Horror,83,"[u'Marilyn Burns', u'Edwin Neal', u'Allen Danziger']",1,1
759,7.6,Robin Hood,G,Animation,83,"[u'Brian Bedford', u'Phil Harris', u'Roger Miller']",1,1
306,8.0,This Is Spinal Tap,R,Comedy,82,"[u'Rob Reiner', u'Michael McKean', u'Christopher Guest']",1,1
595,7.7,The Purple Rose of Cairo,PG,Comedy,82,"[u'Mia Farrow', u'Jeff Daniels', u'Danny Aiello']",1,1
738,7.6,Army of Darkness,R,Comedy,81,"[u'Bruce Campbell', u'Embeth Davidtz', u'Marcus Gilbert']",1,1
541,7.8,South Park: Bigger Longer & Uncut,R,Animation,81,"[u'Trey Parker', u'Matt Stone', u'Mary Kay Bergman']",1,1
117,8.3,Toy Story,G,Animation,81,"[u'Tom Hanks', u'Tim Allen', u'Don Rickles']",1,1
789,7.6,Ice Age,PG,Animation,81,"[u'Denis Leary', u'John Leguizamo', u'Ray Romano']",1,1
330,8.0,Nosferatu,UNRATED,Horror,81,"[u'Max Schreck', u'Greta Schr\xf6der', u'Ruth Landshoff']",1,1
853,7.5,L'illusionniste,PG,Animation,80,"[u'Jean-Claude Donda', u'Eilidh Rankin', u'Duncan MacNeil']",1,1
283,8.1,Before Sunset,R,Drama,80,"[u'Ethan Hawke', u'Julie Delpy', u'Vernon Dobtcheff']",1,1
297,8.0,Rope,PG,Crime,80,"[u'James Stewart', u'John Dall', u'Farley Granger']",1,1
533,7.8,Run Lola Run,R,Action,80,"[u'Franka Potente', u'Moritz Bleibtreu', u'Herbert Knaup']",1,1
622,7.7,The Dinner Game,PG-13,Comedy,80,"[u'Thierry Lhermitte', u'Jacques Villeret', u'Francis Huster']",1,1
513,7.8,Invasion of the Body Snatchers,APPROVED,Horror,80,"[u'Kevin McCarthy', u'Dana Wynter', u'Larry Gates']",1,1
535,7.8,Zelig,PG,Comedy,79,"[u'Woody Allen', u'Mia Farrow', u'Patrick Horgan']",1,1
864,7.5,[Rec],R,Horror,78,"[u'Manuela Velasco', u'Ferran Terraza', u'Jorge-Yamam Serrano']",1,1
713,7.6,The Jungle Book,APPROVED,Animation,78,"[u'Phil Harris', u'Sebastian Cabot', u'Louis Prima']",1,1
489,7.8,The Triplets of Belleville,PG-13,Animation,78,"[u'Mich\xe8le Caucheteux', u'Jean-Claude Donda', u'Michel Robin']",1,1
303,8.0,The Nightmare Before Christmas,PG,Animation,76,"[u'Danny Elfman', u'Chris Sarandon', u""Catherine O'Hara""]",1,1
405,7.9,The Bride of Frankenstein,NOT RATED,Horror,75,"[u'Boris Karloff', u'Elsa Lanchester', u'Colin Clive']",1,1
938,7.4,Alice in Wonderland,G,Animation,75,"[u'Kathryn Beaumont', u'Ed Wynn', u'Richard Haydn']",1,1
351,8.0,Frankenstein,UNRATED,Horror,70,"[u'Colin Clive', u'Mae Clarke', u'Boris Karloff']",1,1
742,7.6,Following,R,Mystery,69,"[u'Jeremy Theobald', u'Alex Haw', u'Lucy Russell']",1,1
293,8.1,Duck Soup,PASSED,Comedy,68,"[u'Groucho Marx', u'Harpo Marx', u'Chico Marx']",1,1
88,8.4,The Kid,NOT RATED,Comedy,68,"[u'Charles Chaplin', u'Edna Purviance', u'Jackie Coogan']",1,1
258,8.1,The Cabinet of Dr. Caligari,UNRATED,Crime,67,"[u'Werner Krauss', u'Conrad Veidt', u'Friedrich Feher']",1,1
338,8.0,Battleship Potemkin,UNRATED,History,66,"[u'Aleksandr Antonov', u'Vladimir Barsky', u'Grigori Aleksandrov']",1,1
389,8.0,Freaks,UNRATED,Drama,64,"[u'Wallace Ford', u'Leila Hyams', u'Olga Baclanova']",1,1
